model,split,rows,positives,threshold,roc_auc,pr_auc,precision,recall,f1,tn,fp,fn,tp,target,model_family,seed,params_json,sample_weighted,fit_seconds
logistic_l2_C0.05,train,17145,58,0.3749712913153974,0.9934493454390614,0.2074819457042248,0.05119152691968226,1.0,0.09739714525608732,16012,1075,0,58,distress_next_4q,logistic_l2,42,"{""C"": 0.05}",False,0.503
logistic_l2_C0.05,validation,6045,53,0.3749712913153974,0.7802384311157015,0.02024204859199254,0.026743075453677174,0.5283018867924528,0.05090909090909091,4973,1019,25,28,distress_next_4q,logistic_l2,42,"{""C"": 0.05}",False,0.503
logistic_l2_C0.05,test,5872,96,0.3749712913153974,0.6766613284856879,0.02892389985163858,0.028169014084507043,0.041666666666666664,0.033613445378151266,5638,138,92,4,distress_next_4q,logistic_l2,42,"{""C"": 0.05}",False,0.503
logistic_l2_C0.2,train,17145,58,0.04669696938702095,0.9943948111389381,0.23148778254802777,0.02559576345984113,1.0,0.049913941480206545,14879,2208,0,58,distress_next_4q,logistic_l2,42,"{""C"": 0.2}",False,1.038
logistic_l2_C0.2,validation,6045,53,0.04669696938702095,0.7433055394614203,0.016922433452863577,0.02385211687537269,0.7547169811320755,0.04624277456647399,4355,1637,13,40,distress_next_4q,logistic_l2,42,"{""C"": 0.2}",False,1.038
logistic_l2_C0.2,test,5872,96,0.04669696938702095,0.6199449590258541,0.02254124917970908,0.014925373134328358,0.052083333333333336,0.023201856148491882,5446,330,91,5,distress_next_4q,logistic_l2,42,"{""C"": 0.2}",False,1.038
logistic_l2_C1,train,17145,58,0.00292280586960865,0.9957126107163542,0.30897223403432084,0.02136279926335175,1.0,0.0418319509556437,14430,2657,0,58,distress_next_4q,logistic_l2,42,"{""C"": 1.0}",False,1.925
logistic_l2_C1,validation,6045,53,0.00292280586960865,0.72339219588382,0.015528039320597082,0.022197558268590455,0.7547169811320755,0.043126684636118594,4230,1762,13,40,distress_next_4q,logistic_l2,42,"{""C"": 1.0}",False,1.925
logistic_l2_C1,test,5872,96,0.00292280586960865,0.581470380309326,0.02011211030325546,0.012711864406779662,0.0625,0.021126760563380285,5310,466,90,6,distress_next_4q,logistic_l2,42,"{""C"": 1.0}",False,1.925
logistic_l2_C5,train,17145,58,1.1138698854259512e-05,0.9967751244644547,0.3613907203985025,0.01494460190672507,1.0,0.02944909875602945,13264,3823,0,58,distress_next_4q,logistic_l2,42,"{""C"": 5.0}",False,3.233
logistic_l2_C5,validation,6045,53,1.1138698854259512e-05,0.7348319772274984,0.016662642665685484,0.02209051724137931,0.7735849056603774,0.0429544264012572,4177,1815,12,41,distress_next_4q,logistic_l2,42,"{""C"": 5.0}",False,3.233
logistic_l2_C5,test,5872,96,1.1138698854259512e-05,0.5691799399815328,0.019659332930804678,0.011389521640091117,0.052083333333333336,0.01869158878504673,5342,434,91,5,distress_next_4q,logistic_l2,42,"{""C"": 5.0}",False,3.233
random_forest_cfg1_seed42,train,17145,58,0.06327235285458661,1.0,1.0000000000000002,0.21804511278195488,1.0,0.35802469135802467,16879,208,0,58,distress_next_4q,random_forest,42,"{""max_depth"": null, ""max_features"": ""sqrt"", ""min_samples_leaf"": 5, ""n_estimators"": 250}",False,1.16
random_forest_cfg1_seed42,validation,6045,53,0.06327235285458661,0.8373145325843263,0.12999066453866934,0.19402985074626866,0.24528301886792453,0.21666666666666665,5938,54,40,13,distress_next_4q,random_forest,42,"{""max_depth"": null, ""max_features"": ""sqrt"", ""min_samples_leaf"": 5, ""n_estimators"": 250}",False,1.16
random_forest_cfg1_seed42,test,5872,96,0.06327235285458661,0.7964178280817176,0.09281477001279312,0.15,0.15625,0.1530612244897959,5691,85,81,15,distress_next_4q,random_forest,42,"{""max_depth"": null, ""max_features"": ""sqrt"", ""min_samples_leaf"": 5, ""n_estimators"": 250}",False,1.16
random_forest_cfg1_seed202,train,17145,58,0.06717471714259832,0.9999999999999999,1.0000000000000002,0.23481781376518218,1.0,0.380327868852459,16898,189,0,58,distress_next_4q,random_forest,202,"{""max_depth"": null, ""max_features"": ""sqrt"", ""min_samples_leaf"": 5, ""n_estimators"": 250}",False,0.747
random_forest_cfg1_seed202,validation,6045,53,0.06717471714259832,0.827159483084364,0.11545553946043995,0.23636363636363636,0.24528301886792453,0.24074074074074073,5950,42,40,13,distress_next_4q,random_forest,202,"{""max_depth"": null, ""max_features"": ""sqrt"", ""min_samples_leaf"": 5, ""n_estimators"": 250}",False,0.747
random_forest_cfg1_seed202,test,5872,96,0.06717471714259832,0.8010346332525392,0.1242446357625594,0.1728395061728395,0.14583333333333334,0.1581920903954802,5709,67,82,14,distress_next_4q,random_forest,202,"{""max_depth"": null, ""max_features"": ""sqrt"", ""min_samples_leaf"": 5, ""n_estimators"": 250}",False,0.747
random_forest_cfg1_seed777,train,17145,58,0.051648349812594335,1.0,1.0000000000000002,0.19078947368421054,1.0,0.32044198895027626,16841,246,0,58,distress_next_4q,random_forest,777,"{""max_depth"": null, ""max_features"": ""sqrt"", ""min_samples_leaf"": 5, ""n_estimators"": 250}",False,0.749
random_forest_cfg1_seed777,validation,6045,53,0.051648349812594335,0.8526525933949669,0.13669634304313408,0.12179487179487179,0.3584905660377358,0.18181818181818182,5855,137,34,19,distress_next_4q,random_forest,777,"{""max_depth"": null, ""max_features"": ""sqrt"", ""min_samples_leaf"": 5, ""n_estimators"": 250}",False,0.749
random_forest_cfg1_seed777,test,5872,96,0.051648349812594335,0.8329374783587258,0.13602990575461377,0.08717948717948718,0.17708333333333334,0.11683848797250859,5598,178,79,17,distress_next_4q,random_forest,777,"{""max_depth"": null, ""max_features"": ""sqrt"", ""min_samples_leaf"": 5, ""n_estimators"": 250}",False,0.749
random_forest_cfg2_seed42,train,17145,58,0.29387519644583704,0.9999041416846443,0.9742622827181384,0.18892508143322476,1.0,0.31780821917808216,16838,249,0,58,distress_next_4q,random_forest,42,"{""max_depth"": 8, ""max_features"": ""sqrt"", ""min_samples_leaf"": 10, ""n_estimators"": 400}",False,1.715
random_forest_cfg2_seed42,validation,6045,53,0.29387519644583704,0.9091430082877799,0.12048205441811438,0.2647058823529412,0.16981132075471697,0.20689655172413793,5967,25,44,9,distress_next_4q,random_forest,42,"{""max_depth"": 8, ""max_features"": ""sqrt"", ""min_samples_leaf"": 10, ""n_estimators"": 400}",False,1.715
random_forest_cfg2_seed42,test,5872,96,0.29387519644583704,0.8725410102146816,0.1452451627810671,0.1518987341772152,0.125,0.13714285714285712,5709,67,84,12,distress_next_4q,random_forest,42,"{""max_depth"": 8, ""max_features"": ""sqrt"", ""min_samples_leaf"": 10, ""n_estimators"": 400}",False,1.715
random_forest_cfg2_seed202,train,17145,58,0.2794446878329596,0.9999303765920049,0.9796062437936713,0.1829652996845426,1.0,0.30933333333333335,16828,259,0,58,distress_next_4q,random_forest,202,"{""max_depth"": 8, ""max_features"": ""sqrt"", ""min_samples_leaf"": 10, ""n_estimators"": 400}",False,1.027
random_forest_cfg2_seed202,validation,6045,53,0.2794446878329596,0.9040009320603573,0.13744604773842234,0.3023255813953488,0.24528301886792453,0.27083333333333326,5962,30,40,13,distress_next_4q,random_forest,202,"{""max_depth"": 8, ""max_features"": ""sqrt"", ""min_samples_leaf"": 10, ""n_estimators"": 400}",False,1.027
random_forest_cfg2_seed202,test,5872,96,0.2794446878329596,0.8625643827908587,0.15633010045180779,0.18181818181818182,0.1875,0.1846153846153846,5695,81,78,18,distress_next_4q,random_forest,202,"{""max_depth"": 8, ""max_features"": ""sqrt"", ""min_samples_leaf"": 10, ""n_estimators"": 400}",False,1.027
random_forest_cfg2_seed777,train,17145,58,0.27482213756079255,0.999914232033629,0.9786613331115911,0.17737003058103976,1.0,0.3012987012987013,16818,269,0,58,distress_next_4q,random_forest,777,"{""max_depth"": 8, ""max_features"": ""sqrt"", ""min_samples_leaf"": 10, ""n_estimators"": 400}",False,1.025
random_forest_cfg2_seed777,validation,6045,53,0.27482213756079255,0.9106985414514951,0.14744167315782558,0.325,0.24528301886792453,0.27956989247311825,5965,27,40,13,distress_next_4q,random_forest,777,"{""max_depth"": 8, ""max_features"": ""sqrt"", ""min_samples_leaf"": 10, ""n_estimators"": 400}",False,1.025
random_forest_cfg2_seed777,test,5872,96,0.27482213756079255,0.8747348943905817,0.1558079358221726,0.1941747572815534,0.20833333333333334,0.20100502512562812,5693,83,76,20,distress_next_4q,random_forest,777,"{""max_depth"": 8, ""max_features"": ""sqrt"", ""min_samples_leaf"": 10, ""n_estimators"": 400}",False,1.025
random_forest_cfg3_seed42,train,17145,58,0.11298187849406525,0.999649864890227,0.8775078875234141,0.14427860696517414,1.0,0.2521739130434783,16743,344,0,58,distress_next_4q,random_forest,42,"{""max_depth"": 14, ""max_features"": 0.5, ""min_samples_leaf"": 5, ""n_estimators"": 500}",False,3.963
random_forest_cfg3_seed42,validation,6045,53,0.11298187849406525,0.8524746832254326,0.07277386681303821,0.16901408450704225,0.22641509433962265,0.1935483870967742,5933,59,41,12,distress_next_4q,random_forest,42,"{""max_depth"": 14, ""max_features"": 0.5, ""min_samples_leaf"": 5, ""n_estimators"": 500}",False,3.963
random_forest_cfg3_seed42,test,5872,96,0.11298187849406525,0.8312783140004617,0.15073125391834158,0.2550335570469799,0.3958333333333333,0.31020408163265306,5665,111,58,38,distress_next_4q,random_forest,42,"{""max_depth"": 14, ""max_features"": 0.5, ""min_samples_leaf"": 5, ""n_estimators"": 500}",False,3.963
random_forest_cfg3_seed202,train,17145,58,0.16605304051866904,0.9996730726928922,0.8857270355763424,0.20350877192982456,1.0,0.33819241982507287,16860,227,0,58,distress_next_4q,random_forest,202,"{""max_depth"": 14, ""max_features"": 0.5, ""min_samples_leaf"": 5, ""n_estimators"": 500}",False,3.967
random_forest_cfg3_seed202,validation,6045,53,0.16605304051866904,0.8445679144519738,0.0766253981396293,0.2222222222222222,0.18867924528301888,0.20408163265306123,5957,35,43,10,distress_next_4q,random_forest,202,"{""max_depth"": 14, ""max_features"": 0.5, ""min_samples_leaf"": 5, ""n_estimators"": 500}",False,3.967
random_forest_cfg3_seed202,test,5872,96,0.16605304051866904,0.8459628202908587,0.14829120829010245,0.2777777777777778,0.2604166666666667,0.2688172043010753,5711,65,71,25,distress_next_4q,random_forest,202,"{""max_depth"": 14, ""max_features"": 0.5, ""min_samples_leaf"": 5, ""n_estimators"": 500}",False,3.967
random_forest_cfg3_seed777,train,17145,58,0.15050208280086172,0.9996791269022831,0.8904818548594543,0.19269102990033224,1.0,0.32311977715877443,16844,243,0,58,distress_next_4q,random_forest,777,"{""max_depth"": 14, ""max_features"": 0.5, ""min_samples_leaf"": 5, ""n_estimators"": 500}",False,3.952
random_forest_cfg3_seed777,validation,6045,53,0.15050208280086172,0.8263281860090183,0.07663222198856151,0.18867924528301888,0.18867924528301888,0.18867924528301885,5949,43,43,10,distress_next_4q,random_forest,777,"{""max_depth"": 14, ""max_features"": 0.5, ""min_samples_leaf"": 5, ""n_estimators"": 500}",False,3.952
random_forest_cfg3_seed777,test,5872,96,0.15050208280086172,0.8427680271814406,0.15119839337528274,0.2807017543859649,0.3333333333333333,0.3047619047619048,5694,82,64,32,distress_next_4q,random_forest,777,"{""max_depth"": 14, ""max_features"": 0.5, ""min_samples_leaf"": 5, ""n_estimators"": 500}",False,3.952
extra_trees_cfg1_seed42,train,17145,58,0.10534217436707909,1.0,1.0000000000000002,0.21804511278195488,1.0,0.35802469135802467,16879,208,0,58,distress_next_4q,extra_trees,42,"{""max_depth"": null, ""max_features"": ""sqrt"", ""min_samples_leaf"": 5, ""n_estimators"": 300}",False,0.424
extra_trees_cfg1_seed42,validation,6045,53,0.10534217436707909,0.8203343451646221,0.0816652857547228,0.1527777777777778,0.20754716981132076,0.17600000000000002,5931,61,42,11,distress_next_4q,extra_trees,42,"{""max_depth"": null, ""max_features"": ""sqrt"", ""min_samples_leaf"": 5, ""n_estimators"": 300}",False,0.424
extra_trees_cfg1_seed42,test,5872,96,0.10534217436707909,0.7741696964450601,0.07712109059738244,0.14634146341463414,0.0625,0.08759124087591241,5741,35,90,6,distress_next_4q,extra_trees,42,"{""max_depth"": null, ""max_features"": ""sqrt"", ""min_samples_leaf"": 5, ""n_estimators"": 300}",False,0.424
extra_trees_cfg1_seed202,train,17145,58,0.07880040315031812,1.0,1.0,0.15303430079155672,1.0,0.2654462242562929,16766,321,0,58,distress_next_4q,extra_trees,202,"{""max_depth"": null, ""max_features"": ""sqrt"", ""min_samples_leaf"": 5, ""n_estimators"": 300}",False,0.406
extra_trees_cfg1_seed202,validation,6045,53,0.07880040315031812,0.8199942690883444,0.0658029267393728,0.10077519379844961,0.24528301886792453,0.14285714285714285,5876,116,40,13,distress_next_4q,extra_trees,202,"{""max_depth"": null, ""max_features"": ""sqrt"", ""min_samples_leaf"": 5, ""n_estimators"": 300}",False,0.406
extra_trees_cfg1_seed202,test,5872,96,0.07880040315031812,0.7784898358148662,0.06828924980907312,0.0970873786407767,0.10416666666666667,0.10050251256281406,5683,93,86,10,distress_next_4q,extra_trees,202,"{""max_depth"": null, ""max_features"": ""sqrt"", ""min_samples_leaf"": 5, ""n_estimators"": 300}",False,0.406
extra_trees_cfg1_seed777,train,17145,58,0.07884137095960127,1.0000000000000002,1.0000000000000002,0.15263157894736842,1.0,0.2648401826484018,16765,322,0,58,distress_next_4q,extra_trees,777,"{""max_depth"": null, ""max_features"": ""sqrt"", ""min_samples_leaf"": 5, ""n_estimators"": 300}",False,0.402
extra_trees_cfg1_seed777,validation,6045,53,0.07884137095960127,0.8308861500869082,0.07754784757768332,0.11764705882352941,0.3018867924528302,0.16931216931216933,5872,120,37,16,distress_next_4q,extra_trees,777,"{""max_depth"": null, ""max_features"": ""sqrt"", ""min_samples_leaf"": 5, ""n_estimators"": 300}",False,0.402
extra_trees_cfg1_seed777,test,5872,96,0.07884137095960127,0.7594626471606648,0.06083302530851321,0.1016949152542373,0.125,0.11214953271028037,5670,106,84,12,distress_next_4q,extra_trees,777,"{""max_depth"": null, ""max_features"": ""sqrt"", ""min_samples_leaf"": 5, ""n_estimators"": 300}",False,0.402
extra_trees_cfg2_seed42,train,17145,58,0.4071373899378475,0.9999586295691624,0.9815892233265644,0.20567375886524822,1.0,0.3411764705882353,16863,224,0,58,distress_next_4q,extra_trees,42,"{""max_depth"": 10, ""max_features"": ""sqrt"", ""min_samples_leaf"": 8, ""n_estimators"": 500}",False,0.583
extra_trees_cfg2_seed42,validation,6045,53,0.4071373899378475,0.8152694158248734,0.07477361872496845,0.16326530612244897,0.1509433962264151,0.15686274509803919,5951,41,45,8,distress_next_4q,extra_trees,42,"{""max_depth"": 10, ""max_features"": ""sqrt"", ""min_samples_leaf"": 8, ""n_estimators"": 500}",False,0.583
extra_trees_cfg2_seed42,test,5872,96,0.4071373899378475,0.691197952735457,0.06462073308563203,0.13333333333333333,0.041666666666666664,0.06349206349206349,5750,26,92,4,distress_next_4q,extra_trees,42,"{""max_depth"": 10, ""max_features"": ""sqrt"", ""min_samples_leaf"": 8, ""n_estimators"": 500}",False,0.583
extra_trees_cfg2_seed202,train,17145,58,0.3954783361132294,0.9999596386040608,0.9832415755509989,0.17737003058103976,1.0,0.3012987012987013,16818,269,0,58,distress_next_4q,extra_trees,202,"{""max_depth"": 10, ""max_features"": ""sqrt"", ""min_samples_leaf"": 8, ""n_estimators"": 500}",False,0.573
extra_trees_cfg2_seed202,validation,6045,53,0.3954783361132294,0.8181144041111419,0.07415191947626161,0.17391304347826086,0.1509433962264151,0.16161616161616163,5954,38,45,8,distress_next_4q,extra_trees,202,"{""max_depth"": 10, ""max_features"": ""sqrt"", ""min_samples_leaf"": 8, ""n_estimators"": 500}",False,0.573
extra_trees_cfg2_seed202,test,5872,96,0.3954783361132294,0.7097977262234533,0.07974703463614258,0.27586206896551724,0.08333333333333333,0.128,5755,21,88,8,distress_next_4q,extra_trees,202,"{""max_depth"": 10, ""max_features"": ""sqrt"", ""min_samples_leaf"": 8, ""n_estimators"": 500}",False,0.573
extra_trees_cfg2_seed777,train,17145,58,0.4491007672913475,0.9999586295691623,0.9825231847464012,0.29896907216494845,1.0,0.4603174603174603,16951,136,0,58,distress_next_4q,extra_trees,777,"{""max_depth"": 10, ""max_features"": ""sqrt"", ""min_samples_leaf"": 8, ""n_estimators"": 500}",False,0.571
extra_trees_cfg2_seed777,validation,6045,53,0.4491007672913475,0.8179002821371892,0.10983832116397062,0.3333333333333333,0.1320754716981132,0.18918918918918917,5978,14,46,7,distress_next_4q,extra_trees,777,"{""max_depth"": 10, ""max_features"": ""sqrt"", ""min_samples_leaf"": 8, ""n_estimators"": 500}",False,0.571
extra_trees_cfg2_seed777,test,5872,96,0.4491007672913475,0.6907011051477379,0.08911299397523278,0.42857142857142855,0.03125,0.05825242718446602,5772,4,93,3,distress_next_4q,extra_trees,777,"{""max_depth"": 10, ""max_features"": ""sqrt"", ""min_samples_leaf"": 8, ""n_estimators"": 500}",False,0.571
extra_trees_cfg3_seed42,train,17145,58,0.18404118816552928,1.0,1.0000000000000002,0.1615598885793872,1.0,0.27817745803357313,16786,301,0,58,distress_next_4q,extra_trees,42,"{""max_depth"": 16, ""max_features"": 0.5, ""min_samples_leaf"": 4, ""n_estimators"": 500}",False,1.235
extra_trees_cfg3_seed42,validation,6045,53,0.18404118816552928,0.8408695871224525,0.1679181933798906,0.25,0.18867924528301888,0.21505376344086022,5962,30,43,10,distress_next_4q,extra_trees,42,"{""max_depth"": 16, ""max_features"": 0.5, ""min_samples_leaf"": 4, ""n_estimators"": 500}",False,1.235
extra_trees_cfg3_seed42,test,5872,96,0.18404118816552928,0.7884872027931671,0.1424967074158453,0.23076923076923078,0.21875,0.22459893048128343,5706,70,75,21,distress_next_4q,extra_trees,42,"{""max_depth"": 16, ""max_features"": 0.5, ""min_samples_leaf"": 4, ""n_estimators"": 500}",False,1.235
extra_trees_cfg3_seed202,train,17145,58,0.10076445111140209,1.0,1.0000000000000002,0.09105180533751962,1.0,0.1669064748201439,16508,579,0,58,distress_next_4q,extra_trees,202,"{""max_depth"": 16, ""max_features"": 0.5, ""min_samples_leaf"": 4, ""n_estimators"": 500}",False,1.211
extra_trees_cfg3_seed202,validation,6045,53,0.10076445111140209,0.8637003425951584,0.17078803120411568,0.14285714285714285,0.4716981132075472,0.21929824561403505,5842,150,28,25,distress_next_4q,extra_trees,202,"{""max_depth"": 16, ""max_features"": 0.5, ""min_samples_leaf"": 4, ""n_estimators"": 500}",False,1.211
extra_trees_cfg3_seed202,test,5872,96,0.10076445111140209,0.7885647506925206,0.1451171170157162,0.15611814345991562,0.3854166666666667,0.2222222222222222,5576,200,59,37,distress_next_4q,extra_trees,202,"{""max_depth"": 16, ""max_features"": 0.5, ""min_samples_leaf"": 4, ""n_estimators"": 500}",False,1.211
extra_trees_cfg3_seed777,train,17145,58,0.12773606249702307,1.0,1.0000000000000002,0.10603290676416818,1.0,0.19173553719008266,16598,489,0,58,distress_next_4q,extra_trees,777,"{""max_depth"": 16, ""max_features"": 0.5, ""min_samples_leaf"": 4, ""n_estimators"": 500}",False,1.239
extra_trees_cfg3_seed777,validation,6045,53,0.12773606249702307,0.8469043630501044,0.18067344602653163,0.15,0.39622641509433965,0.21761658031088082,5873,119,32,21,distress_next_4q,extra_trees,777,"{""max_depth"": 16, ""max_features"": 0.5, ""min_samples_leaf"": 4, ""n_estimators"": 500}",False,1.239
extra_trees_cfg3_seed777,test,5872,96,0.12773606249702307,0.8093448825600185,0.14272962157142668,0.17307692307692307,0.375,0.23684210526315785,5604,172,60,36,distress_next_4q,extra_trees,777,"{""max_depth"": 16, ""max_features"": 0.5, ""min_samples_leaf"": 4, ""n_estimators"": 500}",False,1.239
gradient_boosting_cfg1_seed42,train,17145,58,0.5431416891751213,0.9995378620164957,0.8496427662202133,0.21481481481481482,1.0,0.3536585365853659,16875,212,0,58,distress_next_4q,gradient_boosting,42,"{""learning_rate"": 0.04, ""max_depth"": 2, ""n_estimators"": 180, ""subsample"": 0.85}",True,17.875
gradient_boosting_cfg1_seed42,validation,6045,53,0.5431416891751213,0.8789077260246366,0.07820204104936176,0.13592233009708737,0.2641509433962264,0.1794871794871795,5903,89,39,14,distress_next_4q,gradient_boosting,42,"{""learning_rate"": 0.04, ""max_depth"": 2, ""n_estimators"": 180, ""subsample"": 0.85}",True,17.875
gradient_boosting_cfg1_seed42,test,5872,96,0.5431416891751213,0.8297580144852262,0.14484613020385192,0.1951219512195122,0.3333333333333333,0.24615384615384614,5644,132,64,32,distress_next_4q,gradient_boosting,42,"{""learning_rate"": 0.04, ""max_depth"": 2, ""n_estimators"": 180, ""subsample"": 0.85}",True,17.875
gradient_boosting_cfg1_seed202,train,17145,58,0.6479993703217788,0.999517681318526,0.8608445198277473,0.2885572139303483,1.0,0.4478764478764479,16944,143,0,58,distress_next_4q,gradient_boosting,202,"{""learning_rate"": 0.04, ""max_depth"": 2, ""n_estimators"": 180, ""subsample"": 0.85}",True,17.842
gradient_boosting_cfg1_seed202,validation,6045,53,0.6479993703217788,0.8947621986548102,0.09573662509518623,0.18181818181818182,0.22641509433962265,0.20168067226890757,5938,54,41,12,distress_next_4q,gradient_boosting,202,"{""learning_rate"": 0.04, ""max_depth"": 2, ""n_estimators"": 180, ""subsample"": 0.85}",True,17.842
gradient_boosting_cfg1_seed202,test,5872,96,0.6479993703217788,0.8367715907779316,0.13820106619636913,0.20168067226890757,0.25,0.22325581395348837,5681,95,72,24,distress_next_4q,gradient_boosting,202,"{""learning_rate"": 0.04, ""max_depth"": 2, ""n_estimators"": 180, ""subsample"": 0.85}",True,17.842
gradient_boosting_cfg1_seed777,train,17145,58,0.6176798116715585,0.999542907190988,0.8482106480084078,0.26126126126126126,1.0,0.41428571428571426,16923,164,0,58,distress_next_4q,gradient_boosting,777,"{""learning_rate"": 0.04, ""max_depth"": 2, ""n_estimators"": 180, ""subsample"": 0.85}",True,17.736
gradient_boosting_cfg1_seed777,validation,6045,53,0.6176798116715585,0.8814756152857899,0.08727734622320293,0.1625,0.24528301886792453,0.19548872180451124,5925,67,40,13,distress_next_4q,gradient_boosting,777,"{""learning_rate"": 0.04, ""max_depth"": 2, ""n_estimators"": 180, ""subsample"": 0.85}",True,17.736
gradient_boosting_cfg1_seed777,test,5872,96,0.6176798116715585,0.836377539242844,0.14174988931747085,0.2,0.2916666666666667,0.23728813559322035,5664,112,68,28,distress_next_4q,gradient_boosting,777,"{""learning_rate"": 0.04, ""max_depth"": 2, ""n_estimators"": 180, ""subsample"": 0.85}",True,17.736
gradient_boosting_cfg2_seed42,train,17145,58,0.03550183716980623,1.0,1.0000000000000002,0.07988980716253444,1.0,0.14795918367346939,16419,668,0,58,distress_next_4q,gradient_boosting,42,"{""learning_rate"": 0.04, ""max_depth"": 3, ""n_estimators"": 250, ""subsample"": 0.85}",True,36.365
gradient_boosting_cfg2_seed42,validation,6045,53,0.03550183716980623,0.9020706854422249,0.0922275155049884,0.1039426523297491,0.5471698113207547,0.1746987951807229,5742,250,24,29,distress_next_4q,gradient_boosting,42,"{""learning_rate"": 0.04, ""max_depth"": 3, ""n_estimators"": 250, ""subsample"": 0.85}",True,36.365
gradient_boosting_cfg2_seed42,test,5872,96,0.03550183716980623,0.8268039805517082,0.12124697213389374,0.12200956937799043,0.53125,0.19844357976653695,5409,367,45,51,distress_next_4q,gradient_boosting,42,"{""learning_rate"": 0.04, ""max_depth"": 3, ""n_estimators"": 250, ""subsample"": 0.85}",True,36.365
gradient_boosting_cfg2_seed202,train,17145,58,0.0670084283728438,1.0,1.0,0.1309255079006772,1.0,0.23153692614770457,16702,385,0,58,distress_next_4q,gradient_boosting,202,"{""learning_rate"": 0.04, ""max_depth"": 3, ""n_estimators"": 250, ""subsample"": 0.85}",True,36.244
gradient_boosting_cfg2_seed202,validation,6045,53,0.0670084283728438,0.9023414867622238,0.07855376327493595,0.1111111111111111,0.3584905660377358,0.16964285714285712,5840,152,34,19,distress_next_4q,gradient_boosting,202,"{""learning_rate"": 0.04, ""max_depth"": 3, ""n_estimators"": 250, ""subsample"": 0.85}",True,36.244
gradient_boosting_cfg2_seed202,test,5872,96,0.0670084283728438,0.8177344832063713,0.11517623568840145,0.14130434782608695,0.40625,0.20967741935483872,5539,237,57,39,distress_next_4q,gradient_boosting,202,"{""learning_rate"": 0.04, ""max_depth"": 3, ""n_estimators"": 250, ""subsample"": 0.85}",True,36.244
gradient_boosting_cfg2_seed777,train,17145,58,0.045067871225073046,1.0,1.0000000000000002,0.09715242881072027,1.0,0.1770992366412214,16548,539,0,58,distress_next_4q,gradient_boosting,777,"{""learning_rate"": 0.04, ""max_depth"": 3, ""n_estimators"": 250, ""subsample"": 0.85}",True,36.223
gradient_boosting_cfg2_seed777,validation,6045,53,0.045067871225073046,0.9088596115575485,0.08087362679613508,0.08943089430894309,0.41509433962264153,0.1471571906354515,5768,224,31,22,distress_next_4q,gradient_boosting,777,"{""learning_rate"": 0.04, ""max_depth"": 3, ""n_estimators"": 250, ""subsample"": 0.85}",True,36.223
gradient_boosting_cfg2_seed777,test,5872,96,0.045067871225073046,0.809704668744229,0.1286660366620214,0.13504823151125403,0.4375,0.20638820638820643,5507,269,54,42,distress_next_4q,gradient_boosting,777,"{""learning_rate"": 0.04, ""max_depth"": 3, ""n_estimators"": 250, ""subsample"": 0.85}",True,36.223
gradient_boosting_cfg3_seed42,train,17145,58,0.07162337226894334,1.0,1.0,0.11218568665377177,1.0,0.20173913043478262,16628,459,0,58,distress_next_4q,gradient_boosting,42,"{""learning_rate"": 0.025, ""max_depth"": 3, ""n_estimators"": 350, ""subsample"": 0.85}",True,50.635
gradient_boosting_cfg3_seed42,validation,6045,53,0.07162337226894334,0.9070679144519737,0.09776592704767662,0.1111111111111111,0.37735849056603776,0.17167381974248927,5832,160,33,20,distress_next_4q,gradient_boosting,42,"{""learning_rate"": 0.025, ""max_depth"": 3, ""n_estimators"": 350, ""subsample"": 0.85}",True,50.635
gradient_boosting_cfg3_seed42,test,5872,96,0.07162337226894334,0.8426850689635272,0.141915413234109,0.1617161716171617,0.5104166666666666,0.2456140350877193,5522,254,47,49,distress_next_4q,gradient_boosting,42,"{""learning_rate"": 0.025, ""max_depth"": 3, ""n_estimators"": 350, ""subsample"": 0.85}",True,50.635
gradient_boosting_cfg3_seed202,train,17145,58,0.07703667322621405,1.0,1.0000000000000002,0.11646586345381527,1.0,0.20863309352517984,16647,440,0,58,distress_next_4q,gradient_boosting,202,"{""learning_rate"": 0.025, ""max_depth"": 3, ""n_estimators"": 350, ""subsample"": 0.85}",True,50.642
gradient_boosting_cfg3_seed202,validation,6045,53,0.07703667322621405,0.9045740232259365,0.10295339901016091,0.11764705882352941,0.33962264150943394,0.17475728155339806,5857,135,35,18,distress_next_4q,gradient_boosting,202,"{""learning_rate"": 0.025, ""max_depth"": 3, ""n_estimators"": 350, ""subsample"": 0.85}",True,50.642
gradient_boosting_cfg3_seed202,test,5872,96,0.07703667322621405,0.8191898588988921,0.13629025970388867,0.1625441696113074,0.4791666666666667,0.24274406332453824,5539,237,50,46,distress_next_4q,gradient_boosting,202,"{""learning_rate"": 0.025, ""max_depth"": 3, ""n_estimators"": 350, ""subsample"": 0.85}",True,50.642
gradient_boosting_cfg3_seed777,train,17145,58,0.06563835659783089,1.0,1.0,0.10157618213660245,1.0,0.18441971383147857,16574,513,0,58,distress_next_4q,gradient_boosting,777,"{""learning_rate"": 0.025, ""max_depth"": 3, ""n_estimators"": 350, ""subsample"": 0.85}",True,50.462
gradient_boosting_cfg3_seed777,validation,6045,53,0.06563835659783089,0.8971994105348011,0.07277504549215566,0.09274193548387097,0.4339622641509434,0.15282392026578073,5767,225,30,23,distress_next_4q,gradient_boosting,777,"{""learning_rate"": 0.025, ""max_depth"": 3, ""n_estimators"": 350, ""subsample"": 0.85}",True,50.462
gradient_boosting_cfg3_seed777,test,5872,96,0.06563835659783089,0.8237805141966759,0.12694126917158777,0.13636363636363635,0.46875,0.2112676056338028,5491,285,51,45,distress_next_4q,gradient_boosting,777,"{""learning_rate"": 0.025, ""max_depth"": 3, ""n_estimators"": 350, ""subsample"": 0.85}",True,50.462
hist_gradient_boosting_cfg1,train,17145,58,0.024514864120598893,1.0,1.0000000000000002,0.2577777777777778,1.0,0.4098939929328622,16920,167,0,58,distress_next_4q,hist_gradient_boosting,42,"{""l2_regularization"": 0.0, ""learning_rate"": 0.04, ""max_iter"": 180, ""max_leaf_nodes"": 15}",True,2.019
hist_gradient_boosting_cfg1,validation,6045,53,0.024514864120598893,0.7668243192180769,0.07939850282141393,0.18181818181818182,0.18867924528301888,0.18518518518518517,5947,45,43,10,distress_next_4q,hist_gradient_boosting,42,"{""l2_regularization"": 0.0, ""learning_rate"": 0.04, ""max_iter"": 180, ""max_leaf_nodes"": 15}",True,2.019
hist_gradient_boosting_cfg1,test,5872,96,0.024514864120598893,0.8199518120960295,0.11375797890287273,0.16981132075471697,0.1875,0.17821782178217824,5688,88,78,18,distress_next_4q,hist_gradient_boosting,42,"{""l2_regularization"": 0.0, ""learning_rate"": 0.04, ""max_iter"": 180, ""max_leaf_nodes"": 15}",True,2.019
hist_gradient_boosting_cfg2,train,17145,58,0.02661791154385334,1.0,1.0000000000000002,0.6373626373626373,1.0,0.7785234899328859,17054,33,0,58,distress_next_4q,hist_gradient_boosting,42,"{""l2_regularization"": 0.05, ""learning_rate"": 0.03, ""max_iter"": 250, ""max_leaf_nodes"": 31}",True,4.11
hist_gradient_boosting_cfg2,validation,6045,53,0.02661791154385334,0.7904863717661283,0.0775722712053686,0.30434782608695654,0.1320754716981132,0.1842105263157895,5976,16,46,7,distress_next_4q,hist_gradient_boosting,42,"{""l2_regularization"": 0.05, ""learning_rate"": 0.03, ""max_iter"": 250, ""max_leaf_nodes"": 31}",True,4.11
hist_gradient_boosting_cfg2,test,5872,96,0.02661791154385334,0.7838406408702677,0.09093399603709455,0.15384615384615385,0.041666666666666664,0.06557377049180328,5754,22,92,4,distress_next_4q,hist_gradient_boosting,42,"{""l2_regularization"": 0.05, ""learning_rate"": 0.03, ""max_iter"": 250, ""max_leaf_nodes"": 31}",True,4.11
hist_gradient_boosting_cfg3,train,17145,58,0.03772427252534601,1.0,1.0,0.5858585858585859,1.0,0.7388535031847133,17046,41,0,58,distress_next_4q,hist_gradient_boosting,42,"{""l2_regularization"": 0.1, ""learning_rate"": 0.02, ""max_iter"": 350, ""max_leaf_nodes"": 31}",True,5.582
hist_gradient_boosting_cfg3,validation,6045,53,0.03772427252534601,0.7979822152807517,0.08038051585720023,0.2962962962962963,0.1509433962264151,0.2,5973,19,45,8,distress_next_4q,hist_gradient_boosting,42,"{""l2_regularization"": 0.1, ""learning_rate"": 0.02, ""max_iter"": 350, ""max_leaf_nodes"": 31}",True,5.582
hist_gradient_boosting_cfg3,test,5872,96,0.03772427252534601,0.7787378087488458,0.08222040171262868,0.125,0.041666666666666664,0.0625,5748,28,92,4,distress_next_4q,hist_gradient_boosting,42,"{""l2_regularization"": 0.1, ""learning_rate"": 0.02, ""max_iter"": 350, ""max_leaf_nodes"": 31}",True,5.582
hist_gradient_boosting_cfg4,train,17145,58,0.0076721579736208695,1.0,1.0000000000000002,0.5918367346938775,1.0,0.7435897435897436,17047,40,0,58,distress_next_4q,hist_gradient_boosting,42,"{""l2_regularization"": 0.1, ""learning_rate"": 0.04, ""max_iter"": 250, ""max_leaf_nodes"": 63}",True,4.179
hist_gradient_boosting_cfg4,validation,6045,53,0.0076721579736208695,0.8451362823387157,0.08251646257170223,0.32,0.1509433962264151,0.2051282051282051,5975,17,45,8,distress_next_4q,hist_gradient_boosting,42,"{""l2_regularization"": 0.1, ""learning_rate"": 0.04, ""max_iter"": 250, ""max_leaf_nodes"": 63}",True,4.179
hist_gradient_boosting_cfg4,test,5872,96,0.0076721579736208695,0.8053953500115422,0.1070073533494196,0.16666666666666666,0.07291666666666667,0.10144927536231885,5741,35,89,7,distress_next_4q,hist_gradient_boosting,42,"{""l2_regularization"": 0.1, ""learning_rate"": 0.04, ""max_iter"": 250, ""max_leaf_nodes"": 63}",True,4.179
