prediction_year,Sector,market_health_regime,rows,firms,distress_next_4q_positive,success_resilience_next_4q_positive,market_stress_score_mean,market_health_score_mean,distress_next_4q_share,success_resilience_next_4q_share
2009,Basic Materials,severe_stress,11,5,0,7,0.6618204079544783,-0.6618204079544783,0.0,0.6363636363636364
2009,Communication Services,severe_stress,16,8,0,4,0.6970523860917742,-0.6970523860917742,0.0,0.25
2009,Consumer Cyclical,severe_stress,38,22,0,9,0.6509912359562676,-0.6509912359562676,0.0,0.23684210526315788
2009,Consumer Defensive,severe_stress,20,12,0,6,0.6186751852483924,-0.6186751852483924,0.0,0.3
2009,Consumer Defensive,stressed,1,1,0,0,0.4733281262921605,-0.4733281262921605,0.0,0.0
2009,Energy,severe_stress,47,24,0,12,0.6417453244538072,-0.6417453244538072,0.0,0.2553191489361702
2009,Energy,stressed,1,1,0,0,0.4610459349587905,-0.4610459349587905,0.0,0.0
2009,Financial Services,severe_stress,89,46,0,27,0.658731480672203,-0.658731480672203,0.0,0.30337078651685395
2009,Financial Services,stressed,1,1,0,0,0.4610459349587905,-0.4610459349587905,0.0,0.0
2009,Healthcare,severe_stress,44,23,0,13,0.6627067484268184,-0.6627067484268184,0.0,0.29545454545454547
2009,Healthcare,stressed,3,3,0,1,0.4610459349587905,-0.4610459349587905,0.0,0.3333333333333333
2009,Industrials,severe_stress,102,53,0,38,0.65118115135997,-0.65118115135997,0.0,0.37254901960784315
2009,Industrials,stressed,5,5,0,3,0.4700153152614881,-0.4700153152614881,0.0,0.6
2009,Real Estate,severe_stress,19,10,0,14,0.6589924584100121,-0.6589924584100121,0.0,0.7368421052631579
2009,Real Estate,stressed,1,1,0,0,0.4957743843442682,-0.4957743843442682,0.0,0.0
2009,Technology,severe_stress,67,36,0,32,0.6470308980939545,-0.6470308980939545,0.0,0.47761194029850745
2009,Technology,stressed,4,3,0,2,0.46490880730985806,-0.46490880730985806,0.0,0.5
2009,Utilities,severe_stress,42,20,0,13,0.6613982559372322,-0.6613982559372322,0.0,0.30952380952380953
2010,Agriculture,neutral,1,1,0,1,0.19203519444911418,-0.19203519444911418,0.0,1.0
2010,Agriculture,stressed,1,1,0,1,0.28774986581613843,-0.28774986581613843,0.0,1.0
2010,Basic Materials,neutral,10,5,0,6,0.11579319042556353,-0.11579319042556353,0.0,0.6
2010,Basic Materials,severe_stress,1,1,0,1,0.6025598968897871,-0.6025598968897871,0.0,1.0
2010,Basic Materials,stressed,9,4,0,5,0.3163254845670183,-0.3163254845670183,0.0,0.5555555555555556
2010,Communication Services,neutral,34,19,0,9,0.1494393059146815,-0.1494393059146815,0.0,0.2647058823529412
2010,Communication Services,severe_stress,1,1,0,0,0.5709660179127755,-0.5709660179127755,0.0,0.0
2010,Communication Services,stressed,17,11,0,5,0.3067048134999558,-0.3067048134999558,0.0,0.29411764705882354
2010,Consumer Cyclical,neutral,75,36,0,27,0.09521878340896536,-0.09521878340896536,0.0,0.36
2010,Consumer Cyclical,severe_stress,2,2,0,1,0.5621771350030499,-0.5621771350030499,0.0,0.5
2010,Consumer Cyclical,stressed,41,28,0,10,0.3566659217449206,-0.3566659217449206,0.0,0.24390243902439024
2010,Consumer Defensive,neutral,30,14,0,10,0.10646966223241312,-0.10646966223241312,0.0,0.3333333333333333
2010,Consumer Defensive,severe_stress,1,1,0,1,0.5831737609864063,-0.5831737609864063,0.0,1.0
2010,Consumer Defensive,stressed,24,13,0,4,0.3382217244921601,-0.3382217244921601,0.0,0.16666666666666666
2010,Consumer Discretionary,neutral,2,1,0,2,0.19374064184634676,-0.19374064184634676,0.0,1.0
2010,Energy,neutral,66,32,0,18,0.1494082561703623,-0.1494082561703623,0.0,0.2727272727272727
2010,Energy,stressed,46,28,0,12,0.3262455920879631,-0.3262455920879631,0.0,0.2608695652173913
2010,Financial Services,neutral,130,61,0,48,0.1537355582390186,-0.1537355582390186,0.0,0.36923076923076925
2010,Financial Services,severe_stress,1,1,0,1,0.5380320583986588,-0.5380320583986588,0.0,1.0
2010,Financial Services,stressed,86,50,0,30,0.3581773052893765,-0.3581773052893765,0.0,0.3488372093023256
2010,Healthcare,neutral,62,30,0,13,0.12183405933907575,-0.12183405933907575,0.0,0.20967741935483872
2010,Healthcare,severe_stress,3,3,0,2,0.5675896967638319,-0.5675896967638319,0.0,0.6666666666666666
2010,Healthcare,stressed,45,26,0,16,0.33252791127537207,-0.33252791127537207,0.0,0.35555555555555557
2010,Industrials,neutral,154,80,2,73,0.12604064451915328,-0.12604064451915328,0.012987012987012988,0.474025974025974
2010,Industrials,severe_stress,7,6,0,3,0.5633685806730764,-0.5633685806730764,0.0,0.42857142857142855
2010,Industrials,stressed,104,61,0,41,0.3380265505844045,-0.3380265505844045,0.0,0.3942307692307692
2010,Real Estate,neutral,46,21,0,38,0.1668263150339596,-0.1668263150339596,0.0,0.8260869565217391
2010,Real Estate,stressed,20,14,0,16,0.29938782259461166,-0.29938782259461166,0.0,0.8
2010,Technology,neutral,101,50,0,59,0.114700238867955,-0.114700238867955,0.0,0.5841584158415841
2010,Technology,severe_stress,8,7,0,5,0.5972795431658062,-0.5972795431658062,0.0,0.625
2010,Technology,stressed,70,47,0,40,0.338331854809657,-0.338331854809657,0.0,0.5714285714285714
2010,Utilities,neutral,58,30,0,21,0.152047947815824,-0.152047947815824,0.0,0.3620689655172414
2010,Utilities,severe_stress,2,2,0,2,0.5380320583986588,-0.5380320583986588,0.0,1.0
2010,Utilities,stressed,44,23,0,12,0.3337183670534414,-0.3337183670534414,0.0,0.2727272727272727
2011,Agriculture,neutral,1,1,0,1,0.04212043848642799,-0.04212043848642799,0.0,1.0
2011,Agriculture,severe_stress,4,2,0,2,0.7180883887179192,-0.7180883887179192,0.0,0.5
2011,Agriculture,stressed,1,1,0,1,0.30626631067694,-0.30626631067694,0.0,1.0
2011,Basic Materials,neutral,6,5,0,4,-0.0197044542279904,0.0197044542279904,0.0,0.6666666666666666
2011,Basic Materials,severe_stress,10,5,0,7,0.6398306440274814,-0.6398306440274814,0.0,0.7
2011,Basic Materials,stressed,4,4,0,2,0.2500235250512109,-0.2500235250512109,0.0,0.5
2011,Communication Services,neutral,22,19,0,7,-0.01986563154347548,0.01986563154347548,0.0,0.3181818181818182
2011,Communication Services,severe_stress,56,27,0,12,0.7542420808766607,-0.7542420808766607,0.0,0.21428571428571427
2011,Communication Services,stressed,19,19,0,4,0.263419768705711,-0.263419768705711,0.0,0.21052631578947367
2011,Consumer Cyclical,neutral,37,28,0,16,0.006183051003582857,-0.006183051003582857,0.0,0.43243243243243246
2011,Consumer Cyclical,severe_stress,88,47,0,28,0.7724739552988847,-0.7724739552988847,0.0,0.3181818181818182
2011,Consumer Cyclical,stressed,44,30,0,14,0.28174095688528894,-0.28174095688528894,0.0,0.3181818181818182
2011,Consumer Defensive,neutral,15,10,0,7,0.027936229395798824,-0.027936229395798824,0.0,0.4666666666666667
2011,Consumer Defensive,severe_stress,29,14,0,12,0.7096699740921721,-0.7096699740921721,0.0,0.41379310344827586
2011,Consumer Defensive,stressed,14,10,0,6,0.284056802679394,-0.284056802679394,0.0,0.42857142857142855
2011,Consumer Discretionary,neutral,1,1,0,1,-0.03218835753558976,0.03218835753558976,0.0,1.0
2011,Consumer Discretionary,severe_stress,2,1,0,2,0.854838547390442,-0.854838547390442,0.0,1.0
2011,Consumer Discretionary,stressed,1,1,0,1,0.2381177078014998,-0.2381177078014998,0.0,1.0
2011,Energy,neutral,39,32,0,10,-0.007828869043944826,0.007828869043944826,0.0,0.2564102564102564
2011,Energy,severe_stress,77,38,0,22,0.7287345141312052,-0.7287345141312052,0.0,0.2857142857142857
2011,Energy,stressed,28,27,0,7,0.2808133433945507,-0.2808133433945507,0.0,0.25
2011,Financial Services,neutral,72,62,0,32,-0.02833575974358302,0.02833575974358302,0.0,0.4444444444444444
2011,Financial Services,severe_stress,130,67,0,49,0.7460318473750848,-0.7460318473750848,0.0,0.3769230769230769
2011,Financial Services,stressed,57,54,0,22,0.2822069366936935,-0.2822069366936935,0.0,0.38596491228070173
2011,Healthcare,neutral,39,31,0,15,-0.04991880021207256,0.04991880021207256,0.0,0.38461538461538464
2011,Healthcare,severe_stress,87,44,0,17,0.7470686538172232,-0.7470686538172232,0.0,0.19540229885057472
2011,Healthcare,stressed,27,27,0,6,0.2927248614171906,-0.2927248614171906,0.0,0.2222222222222222
2011,Industrials,neutral,109,78,4,51,-0.013147128515976006,0.013147128515976006,0.03669724770642202,0.46788990825688076
2011,Industrials,severe_stress,171,93,2,75,0.72199107920388,-0.72199107920388,0.011695906432748537,0.43859649122807015
2011,Industrials,stressed,71,67,2,31,0.29684975178049355,-0.29684975178049355,0.028169014084507043,0.43661971830985913
2011,Real Estate,neutral,24,21,0,18,-0.007612783027292794,0.007612783027292794,0.0,0.75
2011,Real Estate,severe_stress,58,29,0,38,0.7232791518915881,-0.7232791518915881,0.0,0.6551724137931034
2011,Real Estate,stressed,19,19,0,15,0.27068789834456003,-0.27068789834456003,0.0,0.7894736842105263
2011,Technology,neutral,56,47,0,37,-0.04120992628650484,0.04120992628650484,0.0,0.6607142857142857
2011,Technology,severe_stress,117,62,0,64,0.774865711551787,-0.774865711551787,0.0,0.5470085470085471
2011,Technology,stressed,59,48,0,33,0.2887277744367878,-0.2887277744367878,0.0,0.559322033898305
2011,Utilities,neutral,39,30,0,17,-0.027500399321416742,0.027500399321416742,0.0,0.4358974358974359
2011,Utilities,severe_stress,73,36,0,21,0.7290319301747406,-0.7290319301747406,0.0,0.2876712328767123
2011,Utilities,stressed,27,25,0,6,0.28870161500909103,-0.28870161500909103,0.0,0.2222222222222222
2012,Agriculture,neutral,7,2,0,4,0.03000964795834316,-0.03000964795834316,0.0,0.5714285714285714
2012,Agriculture,stressed,1,1,0,0,0.3525991468380781,-0.3525991468380781,0.0,0.0
2012,Basic Materials,neutral,19,5,0,15,0.05554273763309409,-0.05554273763309409,0.0,0.7894736842105263
2012,Basic Materials,stressed,1,1,0,1,0.23182370360596258,-0.23182370360596258,0.0,1.0
2012,Communication Services,neutral,108,28,0,17,0.07396662744673388,-0.07396662744673388,0.0,0.1574074074074074
2012,Communication Services,stressed,7,7,0,2,0.30076091451680853,-0.30076091451680853,0.0,0.2857142857142857
2012,Consumer Cyclical,neutral,175,47,0,59,0.06851122324954428,-0.06851122324954428,0.0,0.33714285714285713
2012,Consumer Cyclical,stressed,16,15,0,4,0.3012184866513678,-0.3012184866513678,0.0,0.25
2012,Consumer Defensive,neutral,53,14,0,20,0.047545049270431475,-0.047545049270431475,0.0,0.37735849056603776
2012,Consumer Defensive,stressed,3,3,0,1,0.2772952178061477,-0.2772952178061477,0.0,0.3333333333333333
2012,Consumer Discretionary,neutral,4,1,0,4,0.11098317011859746,-0.11098317011859746,0.0,1.0
2012,Energy,neutral,153,41,0,54,0.06267824874775565,-0.06267824874775565,0.0,0.35294117647058826
2012,Energy,stressed,12,12,0,3,0.3103061791431692,-0.3103061791431692,0.0,0.25
2012,Financial Services,neutral,261,67,0,101,0.06318296779887306,-0.06318296779887306,0.0,0.38697318007662834
2012,Financial Services,stressed,12,12,0,2,0.3100168336833937,-0.3100168336833937,0.0,0.16666666666666666
2012,Healthcare,neutral,170,44,0,36,0.06292929595530607,-0.06292929595530607,0.0,0.21176470588235294
2012,Healthcare,stressed,15,14,0,3,0.2950829343496581,-0.2950829343496581,0.0,0.2
2012,Industrials,neutral,349,94,0,152,0.06142237014690315,-0.06142237014690315,0.0,0.4355300859598854
2012,Industrials,stressed,25,23,0,14,0.29843615236825494,-0.29843615236825494,0.0,0.56
2012,Real Estate,neutral,114,30,0,75,0.07236258978118619,-0.07236258978118619,0.0,0.6578947368421053
2012,Real Estate,stressed,6,6,0,6,0.3063153135148251,-0.3063153135148251,0.0,1.0
2012,Technology,neutral,232,66,0,126,0.06383172732348247,-0.06383172732348247,0.0,0.5431034482758621
2012,Technology,stressed,24,22,0,13,0.29911857109695766,-0.29911857109695766,0.0,0.5416666666666666
2012,Utilities,neutral,142,36,0,42,0.06629058922384325,-0.06629058922384325,0.0,0.29577464788732394
2012,Utilities,stressed,9,8,0,2,0.32489330938569744,-0.32489330938569744,0.0,0.2222222222222222
2013,Agriculture,healthy,7,2,0,4,-0.5314500045573531,0.5314500045573531,0.0,0.5714285714285714
2013,Agriculture,neutral,1,1,0,0,-0.19268176687825925,0.19268176687825925,0.0,0.0
2013,Basic Materials,healthy,18,5,0,15,-0.5081512416486218,0.5081512416486218,0.0,0.8333333333333334
2013,Basic Materials,neutral,2,2,0,1,-0.11245678151358354,0.11245678151358354,0.0,0.5
2013,Communication Services,healthy,104,29,0,23,-0.5496131956669161,0.5496131956669161,0.0,0.22115384615384615
2013,Communication Services,neutral,13,13,0,0,-0.13335752962336936,0.13335752962336936,0.0,0.0
2013,Consumer Cyclical,healthy,179,47,0,60,-0.5056503062038109,0.5056503062038109,0.0,0.33519553072625696
2013,Consumer Cyclical,neutral,12,11,0,4,-0.14242134971575748,0.14242134971575748,0.0,0.3333333333333333
2013,Consumer Defensive,healthy,51,14,0,21,-0.5159698442577226,0.5159698442577226,0.0,0.4117647058823529
2013,Consumer Defensive,neutral,6,6,0,3,-0.20074914495383492,0.20074914495383492,0.0,0.5
2013,Consumer Discretionary,healthy,3,1,0,3,-0.566683612403204,0.566683612403204,0.0,1.0
2013,Consumer Discretionary,neutral,1,1,0,1,-0.19268176687825925,0.19268176687825925,0.0,1.0
2013,Energy,healthy,144,41,0,63,-0.5422817034813395,0.5422817034813395,0.0,0.4375
2013,Energy,neutral,22,22,0,7,-0.14004939938073574,0.14004939938073574,0.0,0.3181818181818182
2013,Financial Services,healthy,237,68,0,105,-0.5476775339582628,0.5476775339582628,0.0,0.4430379746835443
2013,Financial Services,neutral,38,37,0,9,-0.15126386992511764,0.15126386992511764,0.0,0.23684210526315788
2013,Healthcare,healthy,177,46,0,46,-0.5387634182024177,0.5387634182024177,0.0,0.2598870056497175
2013,Healthcare,neutral,15,15,0,1,-0.2139797847171818,0.2139797847171818,0.0,0.06666666666666667
2013,Industrials,healthy,352,94,0,159,-0.5112278442881247,0.5112278442881247,0.0,0.45170454545454547
2013,Industrials,neutral,38,37,0,14,-0.17450323887338554,0.17450323887338554,0.0,0.3684210526315789
2013,Real Estate,healthy,98,29,0,69,-0.5571593407259336,0.5571593407259336,0.0,0.7040816326530612
2013,Real Estate,neutral,20,20,0,12,-0.13807601558964566,0.13807601558964566,0.0,0.6
2013,Technology,healthy,254,66,2,130,-0.5216729599837558,0.5216729599837558,0.007874015748031496,0.5118110236220472
2013,Technology,neutral,19,19,0,10,-0.14323033472347071,0.14323033472347071,0.0,0.5263157894736842
2013,Utilities,healthy,129,37,0,37,-0.5452762700096985,0.5452762700096985,0.0,0.2868217054263566
2013,Utilities,neutral,23,22,0,8,-0.17166124087712675,0.17166124087712675,0.0,0.34782608695652173
2014,Agriculture,healthy,8,2,0,4,-0.4559656140965014,0.4559656140965014,0.0,0.5
2014,Basic Materials,healthy,20,5,0,14,-0.46911731330324075,0.46911731330324075,0.0,0.7
2014,Communication Services,healthy,118,30,0,29,-0.4642591201440221,0.4642591201440221,0.0,0.2457627118644068
2014,Communication Services,neutral,1,1,0,1,-0.285218548896874,0.285218548896874,0.0,1.0
2014,Consumer Cyclical,healthy,184,48,0,63,-0.4700360414569642,0.4700360414569642,0.0,0.3423913043478261
2014,Consumer Cyclical,neutral,9,9,0,3,-0.22260736504864034,0.22260736504864034,0.0,0.3333333333333333
2014,Consumer Defensive,healthy,53,14,0,21,-0.473325896409904,0.473325896409904,0.0,0.39622641509433965
2014,Consumer Defensive,neutral,3,2,0,3,-0.2187193804588162,0.2187193804588162,0.0,1.0
2014,Consumer Discretionary,healthy,4,1,0,4,-0.44556509826879365,0.44556509826879365,0.0,1.0
2014,Energy,healthy,165,42,6,65,-0.4601223607422572,0.4601223607422572,0.03636363636363636,0.3939393939393939
2014,Energy,neutral,3,3,0,3,-0.25589227435501605,0.25589227435501605,0.0,1.0
2014,Financial Services,healthy,267,69,0,110,-0.4675950837243473,0.4675950837243473,0.0,0.41198501872659177
2014,Financial Services,neutral,8,8,0,3,-0.24905393440276402,0.24905393440276402,0.0,0.375
2014,Healthcare,healthy,186,46,0,45,-0.47134904864448723,0.47134904864448723,0.0,0.24193548387096775
2014,Healthcare,neutral,7,7,0,3,-0.23467886404027452,0.23467886404027452,0.0,0.42857142857142855
2014,Industrials,healthy,358,94,0,146,-0.4749178004011863,0.4749178004011863,0.0,0.40782122905027934
2014,Industrials,neutral,18,18,0,7,-0.218157240227289,0.218157240227289,0.0,0.3888888888888889
2014,Real Estate,healthy,123,31,0,91,-0.4577248748801877,0.4577248748801877,0.0,0.7398373983739838
2014,Real Estate,neutral,1,1,0,1,-0.2449509304314128,0.2449509304314128,0.0,1.0
2014,Technology,healthy,258,67,3,137,-0.4631335239518922,0.4631335239518922,0.011627906976744186,0.5310077519379846
2014,Technology,neutral,7,7,0,1,-0.24637888288902626,0.24637888288902626,0.0,0.14285714285714285
2014,Utilities,healthy,148,36,0,36,-0.4650168383186637,0.4650168383186637,0.0,0.24324324324324326
2014,Utilities,neutral,1,1,0,1,-0.12924431567206385,0.12924431567206385,0.0,1.0
2015,Agriculture,healthy,4,2,0,2,-0.4181209606534904,0.4181209606534904,0.0,0.5
2015,Agriculture,neutral,4,2,0,2,-0.06432605310219894,0.06432605310219894,0.0,0.5
2015,Basic Materials,healthy,9,5,0,5,-0.38721928172986375,0.38721928172986375,0.0,0.5555555555555556
2015,Basic Materials,neutral,11,5,0,7,-0.10667272076506995,0.10667272076506995,0.0,0.6363636363636364
2015,Communication Services,healthy,57,29,0,11,-0.3849279166333699,0.3849279166333699,0.0,0.19298245614035087
2015,Communication Services,neutral,60,30,0,14,-0.08869748043408664,0.08869748043408664,0.0,0.23333333333333334
2015,Consumer Cyclical,healthy,79,49,0,25,-0.39093442708382203,0.39093442708382203,0.0,0.31645569620253167
2015,Consumer Cyclical,neutral,115,49,0,32,-0.05459643770671449,0.05459643770671449,0.0,0.2782608695652174
2015,Consumer Cyclical,stressed,3,3,0,0,0.3126029342824188,-0.3126029342824188,0.0,0.0
2015,Consumer Defensive,healthy,26,14,0,11,-0.3932814621944696,0.3932814621944696,0.0,0.4230769230769231
2015,Consumer Defensive,neutral,30,15,0,12,-0.05565071354367761,0.05565071354367761,0.0,0.4
2015,Consumer Defensive,stressed,3,3,0,2,0.2926189705806863,-0.2926189705806863,0.0,0.6666666666666666
2015,Consumer Discretionary,healthy,2,1,0,2,-0.3340354597583536,0.3340354597583536,0.0,1.0
2015,Consumer Discretionary,neutral,2,1,0,2,-0.11915737122529516,0.11915737122529516,0.0,1.0
2015,Energy,healthy,89,42,10,24,-0.3858642124298606,0.3858642124298606,0.11235955056179775,0.2696629213483146
2015,Energy,neutral,83,42,6,14,-0.08898689083729835,0.08898689083729835,0.07228915662650602,0.1686746987951807
2015,Financial Services,healthy,136,69,0,52,-0.3853687901927763,0.3853687901927763,0.0,0.38235294117647056
2015,Financial Services,neutral,143,70,0,56,-0.09363359846410649,0.09363359846410649,0.0,0.3916083916083916
2015,Financial Services,stressed,1,1,0,0,0.2800810073495695,-0.2800810073495695,0.0,0.0
2015,Healthcare,healthy,90,47,0,19,-0.3785476408970228,0.3785476408970228,0.0,0.2111111111111111
2015,Healthcare,neutral,98,47,0,26,-0.0932941317086945,0.0932941317086945,0.0,0.2653061224489796
2015,Healthcare,stressed,1,1,0,0,0.35873984806416565,-0.35873984806416565,0.0,0.0
2015,Industrials,healthy,167,92,0,69,-0.39183877889725083,0.39183877889725083,0.0,0.41317365269461076
2015,Industrials,neutral,207,93,0,81,-0.08757532772966273,0.08757532772966273,0.0,0.391304347826087
2015,Industrials,stressed,3,3,0,1,0.2662525266058245,-0.2662525266058245,0.0,0.3333333333333333
2015,Real Estate,healthy,60,32,0,45,-0.3911433955651289,0.3911433955651289,0.0,0.75
2015,Real Estate,neutral,63,31,0,45,-0.08505030697432078,0.08505030697432078,0.0,0.7142857142857143
2015,Technology,healthy,122,67,2,66,-0.38719574196460743,0.38719574196460743,0.01639344262295082,0.5409836065573771
2015,Technology,neutral,143,67,2,73,-0.07006324177448112,0.07006324177448112,0.013986013986013986,0.5104895104895105
2015,Technology,stressed,8,7,0,4,0.2859239549166826,-0.2859239549166826,0.0,0.5
2015,Utilities,healthy,71,36,0,18,-0.3818229099355458,0.3818229099355458,0.0,0.2535211267605634
2015,Utilities,neutral,81,36,0,21,-0.08160934155828636,0.08160934155828636,0.0,0.25925925925925924
2016,Agriculture,neutral,6,2,0,3,-0.05494900019746767,0.05494900019746767,0.0,0.5
2016,Agriculture,stressed,2,2,0,1,0.30508434059687217,-0.30508434059687217,0.0,0.5
2016,Basic Materials,neutral,14,5,0,8,-0.04589063038355474,0.04589063038355474,0.0,0.5714285714285714
2016,Basic Materials,stressed,6,5,0,3,0.31425823638179223,-0.31425823638179223,0.0,0.5
2016,Communication Services,neutral,93,30,0,23,-0.02835966793304365,0.02835966793304365,0.0,0.24731182795698925
2016,Communication Services,stressed,28,25,0,6,0.33844039411042065,-0.33844039411042065,0.0,0.21428571428571427
2016,Consumer Cyclical,neutral,151,49,0,44,-0.04680072085209005,0.04680072085209005,0.0,0.2913907284768212
2016,Consumer Cyclical,stressed,39,36,1,11,0.3352608569463159,-0.3352608569463159,0.02564102564102564,0.28205128205128205
2016,Consumer Defensive,neutral,47,15,0,21,-0.04103936767051665,0.04103936767051665,0.0,0.44680851063829785
2016,Consumer Defensive,stressed,12,11,0,5,0.3719346143194262,-0.3719346143194262,0.0,0.4166666666666667
2016,Consumer Discretionary,neutral,3,1,0,3,0.023717719302043454,-0.023717719302043454,0.0,1.0
2016,Consumer Discretionary,stressed,1,1,0,1,0.2656865829481532,-0.2656865829481532,0.0,1.0
2016,Energy,neutral,130,40,3,26,-0.02253053657324088,0.02253053657324088,0.023076923076923078,0.2
2016,Energy,stressed,34,34,1,8,0.3166203309171482,-0.3166203309171482,0.029411764705882353,0.23529411764705882
2016,Financial Services,neutral,210,70,0,79,-0.014879198852139761,0.014879198852139761,0.0,0.3761904761904762
2016,Financial Services,stressed,71,67,0,29,0.3143514757075431,-0.3143514757075431,0.0,0.4084507042253521
2016,Healthcare,neutral,143,47,0,37,-0.026785650964472482,0.026785650964472482,0.0,0.25874125874125875
2016,Healthcare,stressed,48,45,0,12,0.3308720069925714,-0.3308720069925714,0.0,0.25
2016,Industrials,neutral,275,94,0,106,-0.029618759866409695,0.029618759866409695,0.0,0.38545454545454544
2016,Industrials,stressed,98,90,0,39,0.34514250487406734,-0.34514250487406734,0.0,0.3979591836734694
2016,Real Estate,neutral,92,32,0,71,-0.002933610690611994,0.002933610690611994,0.0,0.7717391304347826
2016,Real Estate,severe_stress,3,1,0,3,0.5115125001022953,-0.5115125001022953,0.0,1.0
2016,Real Estate,stressed,35,31,0,25,0.3133043085079235,-0.3133043085079235,0.0,0.7142857142857143
2016,Technology,neutral,206,70,0,105,-0.02430678447103782,0.02430678447103782,0.0,0.5097087378640777
2016,Technology,stressed,59,54,0,32,0.3296854645001725,-0.3296854645001725,0.0,0.5423728813559322
2016,Utilities,neutral,113,36,0,28,-0.00561231370117328,0.00561231370117328,0.0,0.24778761061946902
2016,Utilities,stressed,36,33,0,9,0.31202695264805214,-0.31202695264805214,0.0,0.25
2017,Agriculture,neutral,8,2,0,4,-0.1878075928061555,0.1878075928061555,0.0,0.5
2017,Basic Materials,neutral,21,6,0,15,-0.15407798918291218,0.15407798918291218,0.0,0.7142857142857143
2017,Communication Services,healthy,1,1,0,1,-0.31363942858208016,0.31363942858208016,0.0,1.0
2017,Communication Services,neutral,119,30,0,31,-0.18188554805028428,0.18188554805028428,0.0,0.2605042016806723
2017,Consumer Cyclical,healthy,6,6,0,0,-0.30191521318187997,0.30191521318187997,0.0,0.0
2017,Consumer Cyclical,neutral,194,50,4,50,-0.17399668675462573,0.17399668675462573,0.020618556701030927,0.25773195876288657
2017,Consumer Defensive,healthy,1,1,0,0,-0.29923360628915846,0.29923360628915846,0.0,0.0
2017,Consumer Defensive,neutral,61,15,0,31,-0.1750999594794485,0.1750999594794485,0.0,0.5081967213114754
2017,Consumer Discretionary,neutral,4,1,0,2,-0.1976691565708123,0.1976691565708123,0.0,0.5
2017,Energy,healthy,1,1,0,0,-0.2992744367446482,0.2992744367446482,0.0,0.0
2017,Energy,neutral,160,41,0,49,-0.17352688170244546,0.17352688170244546,0.0,0.30625
2017,Financial Services,neutral,286,70,0,104,-0.18078888605535237,0.18078888605535237,0.0,0.36363636363636365
2017,Healthcare,healthy,2,2,0,1,-0.2992744367446482,0.2992744367446482,0.0,0.5
2017,Healthcare,neutral,192,47,0,51,-0.17366198201188557,0.17366198201188557,0.0,0.265625
2017,Industrials,healthy,2,2,0,2,-0.30614445843927973,0.30614445843927973,0.0,1.0
2017,Industrials,neutral,379,96,0,148,-0.1707526551177092,0.1707526551177092,0.0,0.39050131926121373
2017,Real Estate,neutral,131,33,0,100,-0.1839191939714199,0.1839191939714199,0.0,0.7633587786259542
2017,Technology,healthy,5,5,0,3,-0.30071061358785284,0.30071061358785284,0.0,0.6
2017,Technology,neutral,281,72,0,148,-0.1680633398074197,0.1680633398074197,0.0,0.5266903914590747
2017,Utilities,neutral,151,37,1,38,-0.184594914262548,0.184594914262548,0.006622516556291391,0.25165562913907286
2018,Agriculture,neutral,5,2,0,0,0.0838952520060116,-0.0838952520060116,0.0,0.0
2018,Agriculture,stressed,3,1,0,1,0.2810217639955986,-0.2810217639955986,0.0,0.3333333333333333
2018,Basic Materials,neutral,14,6,0,11,0.0883847471460221,-0.0883847471460221,0.0,0.7857142857142857
2018,Basic Materials,stressed,8,5,0,6,0.3152622238931864,-0.3152622238931864,0.0,0.75
2018,Communication Services,neutral,87,30,0,32,0.10934837281878139,-0.10934837281878139,0.0,0.367816091954023
2018,Communication Services,stressed,33,20,0,13,0.3269494860309642,-0.3269494860309642,0.0,0.3939393939393939
2018,Consumer Cyclical,neutral,118,48,1,28,0.10948587668960047,-0.10948587668960047,0.00847457627118644,0.23728813559322035
2018,Consumer Cyclical,stressed,80,41,2,20,0.33305290171613877,-0.33305290171613877,0.025,0.25
2018,Consumer Defensive,neutral,37,15,0,16,0.10588467772652466,-0.10588467772652466,0.0,0.43243243243243246
2018,Consumer Defensive,stressed,24,14,0,13,0.33080602657819835,-0.33080602657819835,0.0,0.5416666666666666
2018,Consumer Discretionary,neutral,3,1,0,3,0.06903571723837172,-0.06903571723837172,0.0,1.0
2018,Consumer Discretionary,stressed,1,1,0,0,0.3092966342137427,-0.3092966342137427,0.0,0.0
2018,Energy,neutral,114,40,0,45,0.10164314234412378,-0.10164314234412378,0.0,0.39473684210526316
2018,Energy,severe_stress,1,1,0,0,0.6376185838572926,-0.6376185838572926,0.0,0.0
2018,Energy,stressed,47,29,0,17,0.3167881318473705,-0.3167881318473705,0.0,0.3617021276595745
2018,Financial Services,neutral,188,70,0,77,0.08969678612962444,-0.08969678612962444,0.0,0.4095744680851064
2018,Financial Services,stressed,93,59,0,42,0.31556396538853265,-0.31556396538853265,0.0,0.45161290322580644
2018,Healthcare,neutral,133,47,0,41,0.09820853360366501,-0.09820853360366501,0.0,0.3082706766917293
2018,Healthcare,severe_stress,1,1,0,0,0.5728328620783563,-0.5728328620783563,0.0,0.0
2018,Healthcare,stressed,55,36,0,24,0.32950320955346507,-0.32950320955346507,0.0,0.43636363636363634
2018,Industrials,neutral,245,96,0,102,0.09524516461462164,-0.09524516461462164,0.0,0.4163265306122449
2018,Industrials,severe_stress,2,2,0,2,0.5641052178459471,-0.5641052178459471,0.0,1.0
2018,Industrials,stressed,140,85,0,67,0.3241184621231405,-0.3241184621231405,0.0,0.4785714285714286
2018,Real Estate,neutral,87,33,0,66,0.09333866440189463,-0.09333866440189463,0.0,0.7586206896551724
2018,Real Estate,stressed,44,30,0,34,0.32528314063675645,-0.32528314063675645,0.0,0.7727272727272727
2018,Technology,neutral,185,72,0,93,0.09641045995351975,-0.09641045995351975,0.0,0.5027027027027027
2018,Technology,severe_stress,4,4,0,2,0.5955418005935462,-0.5955418005935462,0.0,0.5
2018,Technology,stressed,105,67,0,52,0.32799323099862365,-0.32799323099862365,0.0,0.49523809523809526
2018,Utilities,neutral,111,37,2,21,0.09326991321644236,-0.09326991321644236,0.018018018018018018,0.1891891891891892
2018,Utilities,stressed,46,29,2,20,0.32030698317589057,-0.32030698317589057,0.043478260869565216,0.43478260869565216
2019,Agriculture,neutral,1,1,0,0,0.20440611913800835,-0.20440611913800835,0.0,0.0
2019,Agriculture,stressed,10,3,0,1,0.36368267584347586,-0.36368267584347586,0.0,0.1
2019,Basic Materials,neutral,6,5,0,4,0.21645239335447894,-0.21645239335447894,0.0,0.6666666666666666
2019,Basic Materials,stressed,18,6,0,12,0.34840257320258566,-0.34840257320258566,0.0,0.6666666666666666
2019,Communication Services,neutral,16,14,2,4,0.21483047220561888,-0.21483047220561888,0.125,0.25
2019,Communication Services,stressed,108,31,2,37,0.3545395599653569,-0.3545395599653569,0.018518518518518517,0.3425925925925926
2019,Consumer Cyclical,neutral,15,15,1,2,0.21187326842987483,-0.21187326842987483,0.06666666666666667,0.13333333333333333
2019,Consumer Cyclical,severe_stress,6,6,0,0,0.6051398333714635,-0.6051398333714635,0.0,0.0
2019,Consumer Cyclical,stressed,174,49,13,32,0.35443354788010023,-0.35443354788010023,0.07471264367816093,0.1839080459770115
2019,Consumer Defensive,neutral,7,7,0,1,0.21792985150045788,-0.21792985150045788,0.0,0.14285714285714285
2019,Consumer Defensive,severe_stress,2,2,0,1,0.5412166502335061,-0.5412166502335061,0.0,0.5
2019,Consumer Defensive,stressed,51,15,0,26,0.338139157704089,-0.338139157704089,0.0,0.5098039215686274
2019,Consumer Discretionary,neutral,1,1,0,1,0.19223571646215945,-0.19223571646215945,0.0,1.0
2019,Consumer Discretionary,stressed,3,1,0,0,0.33173795292441516,-0.33173795292441516,0.0,0.0
2019,Energy,neutral,22,19,4,5,0.21200446870121867,-0.21200446870121867,0.18181818181818182,0.22727272727272727
2019,Energy,stressed,141,41,10,40,0.34954775461300275,-0.34954775461300275,0.07092198581560284,0.28368794326241137
2019,Financial Services,neutral,33,30,0,12,0.20881871501560276,-0.20881871501560276,0.0,0.36363636363636365
2019,Financial Services,stressed,249,70,0,99,0.34227307202433793,-0.34227307202433793,0.0,0.39759036144578314
2019,Healthcare,neutral,19,18,0,6,0.21085024535502872,-0.21085024535502872,0.0,0.3157894736842105
2019,Healthcare,severe_stress,1,1,0,1,0.569171085187547,-0.569171085187547,0.0,1.0
2019,Healthcare,stressed,169,48,0,59,0.3499355354160148,-0.3499355354160148,0.0,0.34911242603550297
2019,Industrials,neutral,35,32,0,18,0.21036365402008758,-0.21036365402008758,0.0,0.5142857142857142
2019,Industrials,severe_stress,3,3,0,1,0.6561791180173048,-0.6561791180173048,0.0,0.3333333333333333
2019,Industrials,stressed,356,98,4,135,0.3419893690892693,-0.3419893690892693,0.011235955056179775,0.3792134831460674
2019,Real Estate,neutral,9,9,0,5,0.1993985410489198,-0.1993985410489198,0.0,0.5555555555555556
2019,Real Estate,stressed,126,34,0,91,0.3379100113847041,-0.3379100113847041,0.0,0.7222222222222222
2019,Technology,neutral,24,24,0,9,0.20117306600124363,-0.20117306600124363,0.0,0.375
2019,Technology,severe_stress,6,6,0,4,0.5825591895521228,-0.5825591895521228,0.0,0.6666666666666666
2019,Technology,stressed,274,78,0,134,0.35002923393396584,-0.35002923393396584,0.0,0.48905109489051096
2019,Utilities,neutral,16,14,0,5,0.21412754996245034,-0.21412754996245034,0.0,0.3125
2019,Utilities,stressed,136,37,0,35,0.34153017311912065,-0.34153017311912065,0.0,0.25735294117647056
2020,Agriculture,neutral,1,1,0,0,0.18998806198682602,-0.18998806198682602,0.0,0.0
2020,Agriculture,severe_stress,8,3,0,3,1.1693345611006472,-1.1693345611006472,0.0,0.375
2020,Agriculture,stressed,1,1,0,1,0.2760794108324534,-0.2760794108324534,0.0,1.0
2020,Basic Materials,neutral,2,2,0,1,0.06011226183613032,-0.06011226183613032,0.0,0.5
2020,Basic Materials,severe_stress,20,6,0,16,1.1222596796566797,-1.1222596796566797,0.0,0.8
2020,Basic Materials,stressed,2,2,0,1,0.3022623633733768,-0.3022623633733768,0.0,0.5
2020,Communication Services,neutral,2,2,0,1,0.11320595320451537,-0.11320595320451537,0.0,0.5
2020,Communication Services,severe_stress,103,30,1,25,1.0958950489898232,-1.0958950489898232,0.009708737864077669,0.24271844660194175
2020,Communication Services,stressed,14,14,0,6,0.3240105050737574,-0.3240105050737574,0.0,0.42857142857142855
2020,Consumer Cyclical,neutral,8,8,0,3,0.12183450899688043,-0.12183450899688043,0.0,0.375
2020,Consumer Cyclical,severe_stress,165,48,2,35,1.0934240234322687,-1.0934240234322687,0.012121212121212121,0.21212121212121213
2020,Consumer Cyclical,stressed,19,19,2,5,0.338359902698359,-0.338359902698359,0.10526315789473684,0.2631578947368421
2020,Consumer Defensive,neutral,4,4,0,1,0.13193123317497593,-0.13193123317497593,0.0,0.25
2020,Consumer Defensive,severe_stress,53,15,0,19,1.1146378413645104,-1.1146378413645104,0.0,0.3584905660377358
2020,Consumer Defensive,stressed,4,4,0,1,0.3279576639822681,-0.3279576639822681,0.0,0.25
2020,Consumer Discretionary,neutral,1,1,0,1,0.18998806198682602,-0.18998806198682602,0.0,1.0
2020,Consumer Discretionary,severe_stress,4,1,0,2,1.0415338920899249,-1.0415338920899249,0.0,0.5
2020,Energy,neutral,8,7,0,2,0.16589082871950256,-0.16589082871950256,0.0,0.25
2020,Energy,severe_stress,137,40,5,23,1.0788103743602664,-1.0788103743602664,0.0364963503649635,0.1678832116788321
2020,Energy,stressed,13,13,1,3,0.38093016580570926,-0.38093016580570926,0.07692307692307693,0.23076923076923078
2020,Financial Services,neutral,16,16,0,6,0.20143756602079552,-0.20143756602079552,0.0,0.375
2020,Financial Services,severe_stress,236,71,0,89,1.1316258145094655,-1.1316258145094655,0.0,0.3771186440677966
2020,Financial Services,stressed,30,30,0,14,0.34121796310322966,-0.34121796310322966,0.0,0.4666666666666667
2020,Healthcare,neutral,14,14,0,8,0.19800084093537254,-0.19800084093537254,0.0,0.5714285714285714
2020,Healthcare,severe_stress,170,49,0,58,1.0999831434855099,-1.0999831434855099,0.0,0.3411764705882353
2020,Healthcare,stressed,18,18,0,4,0.3384634694610791,-0.3384634694610791,0.0,0.2222222222222222
2020,Industrials,neutral,35,35,0,15,0.18033681661461626,-0.18033681661461626,0.0,0.42857142857142855
2020,Industrials,severe_stress,328,101,2,128,1.130417338816343,-1.130417338816343,0.006097560975609756,0.3902439024390244
2020,Industrials,stressed,37,37,0,12,0.3321599863511215,-0.3321599863511215,0.0,0.32432432432432434
2020,Real Estate,neutral,7,7,0,5,0.2006524986866662,-0.2006524986866662,0.0,0.7142857142857143
2020,Real Estate,severe_stress,122,37,0,76,1.096696978842637,-1.096696978842637,0.0,0.6229508196721312
2020,Real Estate,stressed,13,13,0,10,0.364102618642912,-0.364102618642912,0.0,0.7692307692307693
2020,Technology,neutral,22,22,0,9,0.1208361836448168,-0.1208361836448168,0.0,0.4090909090909091
2020,Technology,severe_stress,264,78,0,131,1.0656152092156774,-1.0656152092156774,0.0,0.4962121212121212
2020,Technology,stressed,21,21,0,12,0.312213952911275,-0.312213952911275,0.0,0.5714285714285714
2020,Utilities,neutral,7,6,0,1,0.20587852613180962,-0.20587852613180962,0.0,0.14285714285714285
2020,Utilities,severe_stress,132,37,0,34,1.081214444916194,-1.081214444916194,0.0,0.25757575757575757
2020,Utilities,stressed,15,15,0,4,0.2998183189356934,-0.2998183189356934,0.0,0.26666666666666666
2021,Agriculture,severe_stress,4,2,0,2,0.7125958234602894,-0.7125958234602894,0.0,0.5
2021,Agriculture,stressed,4,2,0,2,0.33563202061413033,-0.33563202061413033,0.0,0.5
2021,Basic Materials,neutral,1,1,0,0,0.16878482416614005,-0.16878482416614005,0.0,0.0
2021,Basic Materials,severe_stress,12,6,0,10,0.6924500045558646,-0.6924500045558646,0.0,0.8333333333333334
2021,Basic Materials,stressed,11,6,0,10,0.36168140154789014,-0.36168140154789014,0.0,0.9090909090909091
2021,Communication Services,neutral,8,8,0,4,0.17816728836786322,-0.17816728836786322,0.0,0.5
2021,Communication Services,severe_stress,59,30,0,13,0.7124588656374711,-0.7124588656374711,0.0,0.22033898305084745
2021,Communication Services,stressed,51,28,0,11,0.3539956195068795,-0.3539956195068795,0.0,0.21568627450980393
2021,Consumer Cyclical,neutral,15,15,0,4,0.19344489529787678,-0.19344489529787678,0.0,0.26666666666666666
2021,Consumer Cyclical,severe_stress,93,50,1,20,0.6815124601987138,-0.6815124601987138,0.010752688172043012,0.21505376344086022
2021,Consumer Cyclical,stressed,94,50,0,21,0.36688305675988964,-0.36688305675988964,0.0,0.22340425531914893
2021,Consumer Defensive,neutral,7,7,0,4,0.19533137456003763,-0.19533137456003763,0.0,0.5714285714285714
2021,Consumer Defensive,severe_stress,29,14,0,12,0.6821636303011239,-0.6821636303011239,0.0,0.41379310344827586
2021,Consumer Defensive,stressed,24,15,0,11,0.3706872819096528,-0.3706872819096528,0.0,0.4583333333333333
2021,Consumer Discretionary,severe_stress,2,1,0,0,0.7675080480676792,-0.7675080480676792,0.0,0.0
2021,Consumer Discretionary,stressed,2,1,0,0,0.3699449343041261,-0.3699449343041261,0.0,0.0
2021,Energy,neutral,12,11,0,2,0.19236978954920092,-0.19236978954920092,0.0,0.16666666666666666
2021,Energy,severe_stress,78,38,0,22,0.7155733470539638,-0.7155733470539638,0.0,0.28205128205128205
2021,Energy,stressed,69,38,0,21,0.35464338430786785,-0.35464338430786785,0.0,0.30434782608695654
2021,Financial Services,neutral,16,16,0,8,0.19107930244874619,-0.19107930244874619,0.0,0.5
2021,Financial Services,severe_stress,145,72,0,47,0.7197773531477618,-0.7197773531477618,0.0,0.32413793103448274
2021,Financial Services,stressed,126,72,0,36,0.3535350233814094,-0.3535350233814094,0.0,0.2857142857142857
2021,Healthcare,neutral,16,16,0,9,0.19587889029759192,-0.19587889029759192,0.0,0.5625
2021,Healthcare,severe_stress,91,50,0,36,0.7066291271615124,-0.7066291271615124,0.0,0.3956043956043956
2021,Healthcare,stressed,94,50,0,36,0.36320269467309485,-0.36320269467309485,0.0,0.3829787234042553
2021,Industrials,neutral,42,41,0,16,0.17355660570273002,-0.17355660570273002,0.0,0.38095238095238093
2021,Industrials,severe_stress,202,101,1,79,0.6987236299699251,-0.6987236299699251,0.0049504950495049506,0.3910891089108911
2021,Industrials,stressed,165,101,2,74,0.36315855047122164,-0.36315855047122164,0.012121212121212121,0.4484848484848485
2021,Real Estate,neutral,5,5,0,5,0.1964309289981334,-0.1964309289981334,0.0,1.0
2021,Real Estate,severe_stress,76,35,0,49,0.6978281652958027,-0.6978281652958027,0.0,0.6447368421052632
2021,Real Estate,stressed,62,35,0,36,0.3420023052523772,-0.3420023052523772,0.0,0.5806451612903226
2021,Technology,neutral,31,30,0,16,0.17131097370832934,-0.17131097370832934,0.0,0.5161290322580645
2021,Technology,severe_stress,155,81,0,70,0.705053072635897,-0.705053072635897,0.0,0.45161290322580644
2021,Technology,stressed,136,81,0,59,0.3669769172123997,-0.3669769172123997,0.0,0.4338235294117647
2021,Utilities,neutral,6,6,0,3,0.18401602700325734,-0.18401602700325734,0.0,0.5
2021,Utilities,severe_stress,76,37,0,18,0.7225481660914106,-0.7225481660914106,0.0,0.23684210526315788
2021,Utilities,stressed,67,35,0,17,0.35758275998195954,-0.35758275998195954,0.0,0.2537313432835821
2022,Agriculture,neutral,1,1,0,0,0.22649923981327139,-0.22649923981327139,0.0,0.0
2022,Agriculture,severe_stress,6,2,0,3,1.5544717655196612,-1.5544717655196612,0.0,0.5
2022,Agriculture,stressed,1,1,0,1,0.34703309266675947,-0.34703309266675947,0.0,1.0
2022,Basic Materials,severe_stress,21,6,0,18,1.4416068373383475,-1.4416068373383475,0.0,0.8571428571428571
2022,Basic Materials,stressed,3,3,0,2,0.32443962100162216,-0.32443962100162216,0.0,0.6666666666666666
2022,Communication Services,neutral,3,3,0,1,0.20353880581747294,-0.20353880581747294,0.0,0.3333333333333333
2022,Communication Services,severe_stress,103,30,0,22,1.484552577270005,-1.484552577270005,0.0,0.21359223300970873
2022,Communication Services,stressed,13,13,0,3,0.33142493224084196,-0.33142493224084196,0.0,0.23076923076923078
2022,Consumer Cyclical,neutral,2,2,0,1,0.19132364899684418,-0.19132364899684418,0.0,0.5
2022,Consumer Cyclical,severe_stress,183,51,17,36,1.4959989883183682,-1.4959989883183682,0.09289617486338798,0.19672131147540983
2022,Consumer Cyclical,stressed,22,22,0,9,0.33329805979417915,-0.33329805979417915,0.0,0.4090909090909091
2022,Consumer Defensive,neutral,2,2,0,1,0.22649923981327139,-0.22649923981327139,0.0,0.5
2022,Consumer Defensive,severe_stress,52,15,0,24,1.4854396909484824,-1.4854396909484824,0.0,0.46153846153846156
2022,Consumer Defensive,stressed,6,6,0,3,0.3387075948195954,-0.3387075948195954,0.0,0.5
2022,Consumer Discretionary,severe_stress,3,1,0,0,1.601749798431859,-1.601749798431859,0.0,0.0
2022,Consumer Discretionary,stressed,1,1,0,0,0.34703309266675947,-0.34703309266675947,0.0,0.0
2022,Energy,neutral,3,3,0,1,0.2276229028483935,-0.2276229028483935,0.0,0.3333333333333333
2022,Energy,severe_stress,132,38,0,55,1.4563122829937714,-1.4563122829937714,0.0,0.4166666666666667
2022,Energy,stressed,16,16,0,6,0.37592059768724984,-0.37592059768724984,0.0,0.375
2022,Financial Services,neutral,4,4,0,2,0.22770945700097778,-0.22770945700097778,0.0,0.5
2022,Financial Services,severe_stress,243,71,8,73,1.478565068548366,-1.478565068548366,0.03292181069958848,0.3004115226337449
2022,Financial Services,stressed,37,37,0,10,0.3746363821785378,-0.3746363821785378,0.0,0.2702702702702703
2022,Healthcare,neutral,4,4,0,3,0.1728571704944183,-0.1728571704944183,0.0,0.75
2022,Healthcare,severe_stress,168,50,3,59,1.5119578938267029,-1.5119578938267029,0.017857142857142856,0.35119047619047616
2022,Healthcare,stressed,27,27,0,13,0.33284434492489046,-0.33284434492489046,0.0,0.48148148148148145
2022,Industrials,neutral,12,12,0,5,0.21575125872721576,-0.21575125872721576,0.0,0.4166666666666667
2022,Industrials,severe_stress,336,101,5,145,1.4987936718401305,-1.4987936718401305,0.01488095238095238,0.43154761904761907
2022,Industrials,stressed,58,58,0,25,0.3511762220680706,-0.3511762220680706,0.0,0.43103448275862066
2022,Real Estate,neutral,2,2,0,2,0.15439069199199237,-0.15439069199199237,0.0,1.0
2022,Real Estate,severe_stress,121,35,3,77,1.4941457960600413,-1.4941457960600413,0.024793388429752067,0.6363636363636364
2022,Real Estate,stressed,17,17,0,15,0.3931228863250209,-0.3931228863250209,0.0,0.8823529411764706
2022,Technology,neutral,2,2,0,2,0.19132364899684418,-0.19132364899684418,0.0,1.0
2022,Technology,severe_stress,290,82,1,128,1.4820419812579673,-1.4820419812579673,0.0034482758620689655,0.4413793103448276
2022,Technology,stressed,36,36,0,19,0.3508471516354638,-0.3508471516354638,0.0,0.5277777777777778
2022,Utilities,neutral,3,2,0,0,0.22649923981327139,-0.22649923981327139,0.0,0.0
2022,Utilities,severe_stress,130,36,0,31,1.4495808940249717,-1.4495808940249717,0.0,0.23846153846153847
2022,Utilities,stressed,14,14,0,3,0.3339555230159151,-0.3339555230159151,0.0,0.21428571428571427
2023,Agriculture,severe_stress,8,2,0,4,1.113007815146708,-1.113007815146708,0.0,0.5
2023,Basic Materials,severe_stress,24,6,0,20,1.160006108673047,-1.160006108673047,0.0,0.8333333333333334
2023,Communication Services,severe_stress,113,29,0,19,1.143902938269963,-1.143902938269963,0.0,0.168141592920354
2023,Consumer Cyclical,severe_stress,196,49,19,49,1.1866142891388525,-1.1866142891388525,0.09693877551020408,0.25
2023,Consumer Defensive,severe_stress,63,16,0,31,1.1753572482445998,-1.1753572482445998,0.0,0.49206349206349204
2023,Consumer Discretionary,severe_stress,4,1,0,3,1.0547136509266384,-1.0547136509266384,0.0,0.75
2023,Energy,severe_stress,140,35,0,66,1.1602782222410732,-1.1602782222410732,0.0,0.4714285714285714
2023,Financial Services,severe_stress,279,70,1,89,1.1555035093062662,-1.1555035093062662,0.0035842293906810036,0.31899641577060933
2023,Healthcare,severe_stress,198,51,11,87,1.1583367689118365,-1.1583367689118365,0.05555555555555555,0.4393939393939394
2023,Industrials,severe_stress,389,100,3,173,1.1835780380256637,-1.1835780380256637,0.007712082262210797,0.44473007712082263
2023,Real Estate,severe_stress,141,35,7,93,1.1473945030124124,-1.1473945030124124,0.04964539007092199,0.6595744680851063
2023,Technology,severe_stress,328,83,9,154,1.1559116582738898,-1.1559116582738898,0.027439024390243903,0.4695121951219512
2023,Utilities,severe_stress,139,34,2,36,1.1193509669287607,-1.1193509669287607,0.014388489208633094,0.2589928057553957
2024,Agriculture,severe_stress,8,2,0,4,0.9651975156638699,-0.9651975156638699,0.0,0.5
2024,Basic Materials,severe_stress,24,6,0,20,0.9467550002503994,-0.9467550002503994,0.0,0.8333333333333334
2024,Communication Services,severe_stress,106,27,0,17,0.9484295622351094,-0.9484295622351094,0.0,0.16037735849056603
2024,Consumer Cyclical,severe_stress,174,45,1,57,0.9234475241235247,-0.9234475241235247,0.005747126436781609,0.3275862068965517
2024,Consumer Defensive,severe_stress,64,16,0,30,0.9236875606250057,-0.9236875606250057,0.0,0.46875
2024,Consumer Discretionary,severe_stress,4,1,0,4,0.987873736871864,-0.987873736871864,0.0,1.0
2024,Energy,severe_stress,127,33,0,65,0.9547582968474818,-0.9547582968474818,0.0,0.5118110236220472
2024,Financial Services,severe_stress,268,69,0,100,0.9536789872211155,-0.9536789872211155,0.0,0.373134328358209
2024,Healthcare,severe_stress,184,47,0,93,0.9516549286245978,-0.9516549286245978,0.0,0.5054347826086957
2024,Industrials,severe_stress,379,96,3,162,0.9471899640871497,-0.9471899640871497,0.0079155672823219,0.42744063324538256
2024,Real Estate,severe_stress,125,31,0,96,0.9453987678067902,-0.9453987678067902,0.0,0.768
2024,Technology,severe_stress,315,79,0,168,0.9295681463678948,-0.9295681463678948,0.0,0.5333333333333333
2024,Utilities,severe_stress,133,33,3,37,0.9593982530406152,-0.9593982530406152,0.022556390977443608,0.2781954887218045
2025,Agriculture,severe_stress,6,2,0,2,0.6139500842101623,-0.6139500842101623,0.0,0.3333333333333333
2025,Agriculture,stressed,2,2,0,0,0.4651277928015422,-0.4651277928015422,0.0,0.0
2025,Basic Materials,severe_stress,17,6,0,9,0.6500472566579447,-0.6500472566579447,0.0,0.5294117647058824
2025,Basic Materials,stressed,7,4,0,1,0.46443279434610674,-0.46443279434610674,0.0,0.14285714285714285
2025,Communication Services,severe_stress,77,25,0,5,0.6350938847441531,-0.6350938847441531,0.0,0.06493506493506493
2025,Communication Services,stressed,25,16,0,4,0.4403614785678657,-0.4403614785678657,0.0,0.16
2025,Consumer Cyclical,severe_stress,109,40,0,19,0.6287524499016803,-0.6287524499016803,0.0,0.1743119266055046
2025,Consumer Cyclical,stressed,51,29,0,7,0.44060588926083305,-0.44060588926083305,0.0,0.13725490196078433
2025,Consumer Defensive,neutral,1,1,0,0,0.13050191928281807,-0.13050191928281807,0.0,0.0
2025,Consumer Defensive,severe_stress,39,16,0,9,0.6514084485507272,-0.6514084485507272,0.0,0.23076923076923078
2025,Consumer Defensive,stressed,24,14,0,3,0.432695892238016,-0.432695892238016,0.0,0.125
2025,Consumer Discretionary,severe_stress,2,1,0,1,0.6774142737612459,-0.6774142737612459,0.0,0.5
2025,Consumer Discretionary,stressed,2,1,0,0,0.4933473199118246,-0.4933473199118246,0.0,0.0
2025,Energy,neutral,2,2,0,0,0.13050191928281807,-0.13050191928281807,0.0,0.0
2025,Energy,severe_stress,80,28,0,23,0.6407834979014209,-0.6407834979014209,0.0,0.2875
2025,Energy,stressed,30,20,0,6,0.44084185590846287,-0.44084185590846287,0.0,0.2
2025,Financial Services,neutral,6,6,0,0,0.13050191928281807,-0.13050191928281807,0.0,0.0
2025,Financial Services,severe_stress,170,64,0,40,0.6501579617684049,-0.6501579617684049,0.0,0.23529411764705882
2025,Financial Services,stressed,80,55,0,10,0.4558812717538407,-0.4558812717538407,0.0,0.125
2025,Healthcare,neutral,2,2,0,0,0.13050191928281807,-0.13050191928281807,0.0,0.0
2025,Healthcare,severe_stress,110,42,0,27,0.6454505073744281,-0.6454505073744281,0.0,0.24545454545454545
2025,Healthcare,stressed,57,36,0,12,0.46176989545616526,-0.46176989545616526,0.0,0.21052631578947367
2025,Industrials,neutral,1,1,0,0,0.13050191928281807,-0.13050191928281807,0.0,0.0
2025,Industrials,severe_stress,225,90,0,54,0.6550317270240599,-0.6550317270240599,0.0,0.24
2025,Industrials,stressed,135,78,0,20,0.4483353131427673,-0.4483353131427673,0.0,0.14814814814814814
2025,Real Estate,neutral,1,1,0,0,0.13050191928281807,-0.13050191928281807,0.0,0.0
2025,Real Estate,severe_stress,74,30,0,28,0.6489254552763144,-0.6489254552763144,0.0,0.3783783783783784
2025,Real Estate,stressed,45,24,0,13,0.4516385599337356,-0.4516385599337356,0.0,0.28888888888888886
2025,Technology,neutral,2,2,0,0,0.13050191928281807,-0.13050191928281807,0.0,0.0
2025,Technology,severe_stress,213,78,0,61,0.6279902919996065,-0.6279902919996065,0.0,0.2863849765258216
2025,Technology,stressed,97,61,0,16,0.4493069204022359,-0.4493069204022359,0.0,0.16494845360824742
2025,Utilities,neutral,1,1,0,0,0.13050191928281807,-0.13050191928281807,0.0,0.0
2025,Utilities,severe_stress,92,31,0,12,0.6391304999374001,-0.6391304999374001,0.0,0.13043478260869565
2025,Utilities,stressed,36,24,0,4,0.4502776859468203,-0.4502776859468203,0.0,0.1111111111111111
2026,Agriculture,severe_stress,2,2,0,0,0.6191980628457345,-0.6191980628457345,0.0,0.0
2026,Basic Materials,severe_stress,5,5,0,0,0.618565119701616,-0.618565119701616,0.0,0.0
2026,Basic Materials,stressed,1,1,0,0,0.30921647979460354,-0.30921647979460354,0.0,0.0
2026,Communication Services,severe_stress,15,15,0,0,0.644342310810245,-0.644342310810245,0.0,0.0
2026,Communication Services,stressed,9,9,0,0,0.4021012910954622,-0.4021012910954622,0.0,0.0
2026,Consumer Cyclical,severe_stress,22,22,0,0,0.6996793661331712,-0.6996793661331712,0.0,0.0
2026,Consumer Cyclical,stressed,17,17,0,0,0.4221566390709527,-0.4221566390709527,0.0,0.0
2026,Consumer Defensive,severe_stress,13,13,0,0,0.6735113111958442,-0.6735113111958442,0.0,0.0
2026,Consumer Defensive,stressed,3,3,0,0,0.4123984522448623,-0.4123984522448623,0.0,0.0
2026,Consumer Discretionary,severe_stress,1,1,0,0,0.6007257852686932,-0.6007257852686932,0.0,0.0
2026,Energy,severe_stress,19,19,0,0,0.6173847089217289,-0.6173847089217289,0.0,0.0
2026,Energy,stressed,9,9,0,0,0.409865623748319,-0.409865623748319,0.0,0.0
2026,Financial Services,severe_stress,51,50,0,0,0.6111784256580202,-0.6111784256580202,0.0,0.0
2026,Financial Services,stressed,14,14,0,0,0.3738069005511373,-0.3738069005511373,0.0,0.0
2026,Healthcare,severe_stress,32,32,0,0,0.5988943569759203,-0.5988943569759203,0.0,0.0
2026,Healthcare,stressed,10,10,0,0,0.3813383623931613,-0.3813383623931613,0.0,0.0
2026,Industrials,severe_stress,58,58,0,0,0.6003256285859664,-0.6003256285859664,0.0,0.0
2026,Industrials,stressed,30,30,0,0,0.4190283901976929,-0.4190283901976929,0.0,0.0
2026,Real Estate,severe_stress,23,23,0,0,0.6203979601209518,-0.6203979601209518,0.0,0.0
2026,Real Estate,stressed,7,7,0,0,0.40185737646604586,-0.40185737646604586,0.0,0.0
2026,Technology,severe_stress,59,58,0,0,0.6412460241286566,-0.6412460241286566,0.0,0.0
2026,Technology,stressed,21,21,0,0,0.39197505293562057,-0.39197505293562057,0.0,0.0
2026,Utilities,severe_stress,25,24,0,0,0.6100294014093,-0.6100294014093,0.0,0.0
2026,Utilities,stressed,8,8,0,0,0.42617396290503734,-0.42617396290503734,0.0,0.0
