citation_key,authors,year,title,publication,source_type,peer_reviewed_yes_no_unknown,language,bucket,main_method_or_theory,data_scope,main_contribution,main_limitation_or_critique,how_this_thesis_uses_it,supports_claim,doi_or_url,verification_status
beaver1966financial,"Beaver, William H.",1966,Financial Ratios as Predictors of Failure,Journal of Accounting Research,academic_journal_article,yes,English,Classical firm failure and financial distress prediction,univariate ratio analysis,failed and non-failed firms; accounting ratios,Shows that accounting ratios can contain early warning information before business failure.,Uses a narrow classical design and does not address modern panel validation or ML.,Historical foundation for ratio-based failure signals.,"Profitability, liquidity, and leverage ratios are defensible early warning variables.",https://doi.org/10.2307/2490171,verified_doi
altman1968financial,"Altman, Edward I.",1968,"Financial Ratios, Discriminant Analysis and the Prediction of Corporate Bankruptcy",The Journal of Finance,academic_journal_article,yes,English,Classical firm failure and financial distress prediction,multiple discriminant analysis,manufacturing firms; bankruptcy prediction,Introduces the Z-score logic that combines multiple ratios into a failure-risk score.,Industry and time-period specificity limit direct use as a modern universal model.,Benchmark for classical bankruptcy prediction.,"Composite accounting-ratio models are a mature baseline, not a novel contribution by themselves.",https://doi.org/10.1111/j.1540-6261.1968.tb00843.x,verified_doi
altman1997international,"Altman, Edward I. and Narayanan, Paul",1997,An International Survey of Business Failure Classification Models,"Financial Markets, Institutions & Instruments",academic_journal_article,yes,English,Classical firm failure and financial distress prediction,international literature survey,business failure classification models across countries,"Shows that failure prediction is an international, mature field with many country-specific model variants.",A survey of pre-modern methods; not a guide to current data engineering or explainable ML.,Prevents overclaiming novelty in bankruptcy prediction itself.,"The novelty must be framed around the audited panel, target hierarchy, validation, and artifact rather than the existence of bankruptcy prediction.",https://doi.org/10.1111/1468-0416.00010,verified_doi
ohlson1980financial,"Ohlson, James A.",1980,Financial Ratios and the Probabilistic Prediction of Bankruptcy,Journal of Accounting Research,academic_journal_article,yes,English,Classical firm failure and financial distress prediction,logit bankruptcy model,public firms; accounting variables,Moves bankruptcy prediction toward probabilistic modeling with accounting variables.,Still a classical statistical model and does not solve sample selection or rare-event challenges alone.,Supports logistic benchmark and probability framing.,Probabilistic outputs are more natural for early-warning systems than deterministic labels.,https://doi.org/10.2307/2490395,verified_doi
zmijewski1984methodological,"Zmijewski, Mark E.",1984,Methodological Issues Related to the Estimation of Financial Distress Prediction Models,Journal of Accounting Research,academic_journal_article,yes,English,Classical firm failure and financial distress prediction,methodological critique,financial distress prediction model estimation,Highlights sample selection and estimation problems in distress modeling.,Predates modern SEC-scale panels and machine learning.,Supports explicit audit and label-construction discussion.,Failure labels and universe construction can bias results and must be documented.,https://doi.org/10.2307/2490859,verified_doi
merton1974pricing,"Merton, Robert C.",1974,On the Pricing of Corporate Debt: The Risk Structure of Interest Rates,The Journal of Finance,academic_journal_article,yes,English,Classical firm failure and financial distress prediction,structural credit-risk model,corporate debt and default-risk theory,Provides a structural market-based theory of default risk.,Requires market-value and volatility inputs that are outside the current production panel.,"Future-work comparator only, not an implemented model.",Market-price/default-distance models are relevant but not implemented in this thesis.,https://doi.org/10.1111/j.1540-6261.1974.tb03058.x,verified_doi
hillegeist2004assessing,"Hillegeist, Stephen A. and Keating, Elizabeth K. and Cram, Donald P. and Lundstedt, Kyle G.",2004,Assessing the Probability of Bankruptcy,Review of Accounting Studies,academic_journal_article,yes,English,Classical firm failure and financial distress prediction,comparison of accounting and market-based bankruptcy measures,public firms; bankruptcy probability assessment,Compares accounting-score approaches with market-based probability estimates.,Market-based variables are not available for every current row in the production accounting panel.,Supports limitation/future-work discussion about market-based features.,Accounting-only panels are defensible but do not exhaust all possible distress information.,https://doi.org/10.1023/B:RAST.0000013627.90884.b7,verified_doi
shumway2001forecasting,"Shumway, Tyler",2001,Forecasting Bankruptcy More Accurately: A Simple Hazard Model,The Journal of Business,academic_journal_article,yes,English,Classical firm failure and financial distress prediction,hazard model,firm-period bankruptcy forecasting,Argues that bankruptcy prediction should use time-varying panel logic rather than one static observation per firm.,Hazard modeling is not the implemented model family in this project.,Supports firm-period panel and temporal framing.,Prediction rows should be anchored in time and evaluated out of sample.,https://doi.org/10.1086/209665,verified_doi
duffie2007multi,"Duffie, Darrell and Saita, Leandro and Wang, Ke",2007,Multi-Period Corporate Default Prediction with Stochastic Covariates,Journal of Financial Economics,academic_journal_article,yes,English,"Macroeconomic conditions, credit cycles, and market-shift/default context",multi-period default prediction,corporate default; dynamic covariates,Links corporate default prediction to time-varying firm and macro-financial covariates.,Different event definition and model design than the current SEC/FRED panel.,Supports dynamic macro-context variables and forward horizons.,Default and distress risk should be studied with time-varying covariates.,https://doi.org/10.1016/j.jfineco.2005.10.011,verified_doi
campbell2008distress,"Campbell, John Y. and Hilscher, Jens and Szilagyi, Jan",2008,In Search of Distress Risk,The Journal of Finance,academic_journal_article,yes,English,Classical firm failure and financial distress prediction,dynamic distress-risk modeling,public firms; distress risk and returns,"Shows distress risk is related to profitability, leverage, market conditions, and dynamic firm characteristics.",Uses market variables not fully implemented in the current accounting-focused panel.,Supports profitability/leverage/deterioration signal interpretation.,Distress is multidimensional and not identical to a single bankruptcy filing date.,https://doi.org/10.1111/j.1540-6261.2008.01416.x,verified_doi
bharath2008forecasting,"Bharath, Sreedhar T. and Shumway, Tyler",2008,Forecasting Default with the Merton Distance to Default Model,The Review of Financial Studies,academic_journal_article,yes,English,Classical firm failure and financial distress prediction,market-based default model comparison,public-company default prediction,Evaluates structural distance-to-default ideas against simpler default forecasting inputs.,Not implemented because the current production panel is SEC/FRED based.,Future-work and limitation source.,Market-based default predictors are relevant but outside the current artifact scope.,https://doi.org/10.1093/rfs/hhn044,verified_doi
bauer2014hazard,"Bauer, Julian and Agarwal, Vineet",2014,Are Hazard Models Superior to Traditional Bankruptcy Prediction Approaches? A Comprehensive Test,Journal of Banking & Finance,academic_journal_article,yes,English,Classical firm failure and financial distress prediction,hazard and traditional model comparison,bankruptcy prediction methodology,Tests whether hazard approaches outperform traditional models under comparable settings.,The thesis uses temporal ML classifiers rather than full hazard models.,Supports methodological caution and model-comparison framing.,Method choice and evaluation design materially affect bankruptcy-prediction conclusions.,https://doi.org/10.1016/j.jbankfin.2013.12.013,verified_doi
tinoco2013financial,"Tinoco, Mario H. and Wilson, Nick",2013,"Financial Distress and Bankruptcy Prediction among Listed Companies Using Accounting, Market and Macroeconomic Variables",International Review of Financial Analysis,academic_journal_article,yes,English,"Macroeconomic conditions, credit cycles, and market-shift/default context","distress prediction with accounting, market, and macro variables",listed companies,"Directly supports combining accounting, market, and macroeconomic variables for listed-company distress prediction.","Does not provide the current thesis artifact, target hierarchy, or dashboard.",Core support for the SEC plus FRED design.,"Macro context is a legitimate input layer, but it should not be oversold as the dominant cause without evidence.",https://doi.org/10.1016/j.irfa.2013.02.013,verified_doi
tian2017financial,"Tian, Shaonan and Yu, Yan",2017,Financial Ratios and Bankruptcy Predictions: An International Evidence,International Review of Economics & Finance,academic_journal_article,yes,English,"Firm fundamentals, financial ratios, and deterioration features",international financial-ratio bankruptcy analysis,international listed firms,"Shows ratio signals can generalize across countries, while still requiring local validation.",International comparability differs from this U.S. SEC panel.,Supports ratio families and warns against country-blind generalization.,"Financial ratios are useful, but sample scope and accounting regime matter.",https://doi.org/10.1016/j.iref.2017.07.025,verified_doi
alaminos2016global,"Alaminos, David and del Castillo, Angel and Fernandez, Manuel Angel",2016,A Global Model for Bankruptcy Prediction,PLOS ONE,academic_journal_article,yes,English,"Firm fundamentals, financial ratios, and deterioration features",global bankruptcy prediction,international firm data,"Demonstrates interest in broader, cross-country bankruptcy-prediction models.",Global model framing does not remove the need for local SEC data auditing.,Supports discussion of scope limits and future international extensions.,"International expansion is a future direction, not part of the current production pipeline.",https://doi.org/10.1371/journal.pone.0166693,verified_doi
taffler1983assessment,"Taffler, Richard J.",1983,The Assessment of Company Solvency and Performance Using a Statistical Model,Accounting and Business Research,academic_journal_article,yes,English,"Firm fundamentals, financial ratios, and deterioration features",statistical solvency model,company solvency and performance,"Reinforces the long-standing link between solvency, performance, and accounting data.",Older statistical model; not enough for modern novelty.,Background support for solvency and performance indicators.,Solvency and performance measures are part of a long empirical tradition.,https://doi.org/10.1080/00014788.1983.9729767,verified_doi
platt1994bankruptcy,"Platt, Harlan D. and Platt, Marjorie B.",1994,Bankruptcy Prediction with Real Variables,Journal of Business Finance & Accounting,academic_journal_article,yes,English,"Firm fundamentals, financial ratios, and deterioration features",bankruptcy model with non-ratio variables,bankruptcy prediction,Broadens the distress-prediction feature discussion beyond pure financial-ratio sets.,Feature universe differs from the SEC/FRED panel.,Supports using richer firm-period attributes and context variables.,The feature set can reasonably include more than a small fixed ratio formula.,https://doi.org/10.1111/j.1468-5957.1994.tb00332.x,verified_doi
billios2024power,"Billios, Dimitrios and Seretidou, Dimitra and Stavropoulos, Antonios",2024,The Power of Numerical Indicators in Predicting Bankruptcy: A Systematic Review,Journal of Risk and Financial Management,academic_journal_article,yes,English,"Firm fundamentals, financial ratios, and deterioration features",numerical indicator bankruptcy prediction,systematic review of numerical indicators in bankruptcy prediction,Recent review evidence that numerical financial indicators and cash-flow information remain useful for bankruptcy prediction.,Review scope is narrow and does not provide the thesis data architecture.,Modern support that accounting/numerical indicators remain relevant.,Using ratios and numeric fundamentals is not outdated if combined with modern validation and interpretation.,https://doi.org/10.3390/jrfm17100433,verified_doi
valaskova2023postpandemic,"Valaskova, Katarina and Gajdosikova, Dominika and Belas, Jaroslav",2023,Bankruptcy Prediction in the Post-Pandemic Period: A Case Study of Visegrad Group Countries,Oeconomia Copernicana,academic_journal_article,yes,English,"Firm fundamentals, financial ratios, and deterioration features",post-pandemic bankruptcy-risk prediction,Visegrad Group countries in the post-pandemic period,Shows renewed post-pandemic interest in firm failure prediction and financial-health monitoring.,Country-specific setting and not SEC/FRED scale.,Recent context for why distress/resilience analysis remains current after large market shocks.,The topic remains active and relevant in recent literature.,https://doi.org/10.24136/oc.2023.007,verified_doi
bragoli2022industrial,"Bragoli, Daniela and Ferretti, Camilla and Ganugi, Piero and Marseguerra, Giovanni and Mezzogori, Davide and Zammori, Francesco",2022,Machine-Learning Models for Bankruptcy Prediction: Do Industrial Variables Matter?,Spatial Economic Analysis,academic_journal_article,yes,English,"Firm fundamentals, financial ratios, and deterioration features",machine-learning bankruptcy models with industrial variables,firm bankruptcy with industry context,Directly motivates industry metadata and sector-aware analysis.,Different geography/data and not the same dashboard artifact.,Supports inclusion of industry metadata and sector summaries.,Industry context can matter for factor interpretation.,https://doi.org/10.1080/17421772.2021.1977377,verified_doi
charalambous2022maximizing,"Charalambous, Chris and Martzoukos, Spiros H. and Taoushianis, Zenon",2022,Estimating Corporate Bankruptcy Forecasting Models by Maximizing Discriminatory Power,Review of Quantitative Finance and Accounting,academic_journal_article,yes,English,"Machine learning, rare-event evaluation, and temporal validation",bankruptcy model estimation by AUROC optimization,U.S. public firms; bankruptcy and financial distress forecasting,Shows that optimizing discriminatory power can improve out-of-sample bankruptcy and financial-distress forecasts.,Does not provide this thesis dashboard artifact.,Supports dashboard and metric interpretation beyond accuracy.,"For rare distress events, discriminatory-power metrics and out-of-sample design matter.",https://doi.org/10.1007/s11156-021-00995-0,verified_doi
barboza2017machine,"Barboza, Flavio and Kimura, Herbert and Altman, Edward",2017,Machine Learning Models and Bankruptcy Prediction,Expert Systems with Applications,academic_journal_article,yes,English,"Machine learning, rare-event evaluation, and temporal validation",machine-learning model comparison,bankruptcy prediction,Shows ML methods can improve bankruptcy-prediction performance relative to classical methods in some settings.,"Performance gains depend on data, validation, and target definition.",Core support for random forest and gradient boosting benchmarks.,ML is useful but must be validated and interpreted carefully.,https://doi.org/10.1016/j.eswa.2017.04.006,verified_doi
lessmann2015benchmarking,"Lessmann, Stefan and Baesens, Bart and Seow, Hsin-Vonn and Thomas, Lyn C.",2015,Benchmarking State-of-the-Art Classification Algorithms for Credit Scoring: An Update of Research,European Journal of Operational Research,academic_journal_article,yes,English,"Machine learning, rare-event evaluation, and temporal validation",classification algorithm benchmark,credit scoring,Provides modern classification benchmarking evidence in a related financial-risk domain.,Credit scoring is not identical to SEC-based firm failure/resilience.,Supports comparing multiple model families rather than relying on one algorithm.,Financial-risk prediction should benchmark model families under comparable splits.,https://doi.org/10.1016/j.ejor.2015.05.030,verified_doi
dasilas2024machine,"Dasilas, Apostolos and Rigani, Anna",2024,Machine Learning Techniques in Bankruptcy Prediction: A Systematic Literature Review,Expert Systems with Applications,academic_journal_article,yes,English,"Machine learning, rare-event evaluation, and temporal validation",systematic literature review,machine learning for bankruptcy prediction,Current synthesis of ML bankruptcy-prediction research and common design choices.,A review; it does not supply this thesis dataset or artifact.,Main recent review source to show the field is current.,"The literature is active and increasingly ML-oriented, but still leaves room for reproducible audited panels and artifacts.",https://doi.org/10.1016/j.eswa.2024.124761,verified_doi
zhao2024survey,"Zhao, Jinxian and Ouenniche, Jamal and De Smedt, Johannes",2024,"Survey, Classification and Critical Analysis of the Literature on Corporate Bankruptcy and Financial Distress Prediction",Machine Learning with Applications,academic_journal_article,yes,English,"Machine learning, rare-event evaluation, and temporal validation","survey, classification, and critical analysis",corporate bankruptcy and financial distress prediction literature,Recent critical survey that situates bankruptcy and financial distress prediction as an active statistical and AI research area.,A survey and not a validation of the thesis panel.,Modern literature anchor for the ML/business-failure section.,"Recent work confirms the topic is current, not only an old Z-score tradition.",https://doi.org/10.1016/j.mlwa.2024.100527,verified_doi
kim2020corporate,"Kim, Minjun and Cho, Seonghoon and Ryu, Doojin",2020,Corporate Default Predictions Using Machine Learning: Literature Review,Sustainability,academic_journal_article,yes,English,"Machine learning, rare-event evaluation, and temporal validation",literature review,corporate default prediction using machine learning,Reviews machine-learning approaches to corporate default prediction.,Review-level evidence; not a direct empirical benchmark for this thesis.,Additional recent ML/default review source.,"Corporate default/distress prediction has moved toward ML, but model design and data quality remain central.",https://doi.org/10.3390/su12166325,verified_doi
sun2023company,"Sun, Xiaoxiao",2023,Company Failure Prediction with Machine Learning,ECAI 2023: Frontiers in Artificial Intelligence and Applications,peer_reviewed_conference_paper,yes,English,"Machine learning, rare-event evaluation, and temporal validation",machine-learning failure prediction,company failure prediction,Recent conference evidence that company-failure prediction remains an ML problem.,Conference paper and not a replacement for journal review sources.,Optional recent ML context.,The project sits in a current ML/business-failure research stream.,https://doi.org/10.3233/FAIA230838,verified_doi
breiman2001random,"Breiman, Leo",2001,Random Forests,Machine Learning,academic_journal_article,yes,English,"Machine learning, rare-event evaluation, and temporal validation",random forest algorithm,general supervised learning,Foundational source for random forests.,"Algorithm paper, not finance-specific.",Cite for model method.,Random forests are a standard ensemble baseline.,https://doi.org/10.1023/A:1010933404324,verified_doi
friedman2001greedy,"Friedman, Jerome H.",2001,Greedy Function Approximation: A Gradient Boosting Machine,The Annals of Statistics,academic_journal_article,yes,English,"Machine learning, rare-event evaluation, and temporal validation",gradient boosting machine,general supervised learning,Foundational source for gradient boosting.,"Algorithm paper, not finance-specific.",Cite for gradient boosting method.,Gradient boosting is a defensible nonlinear benchmark.,https://doi.org/10.1214/aos/1013203451,verified_doi
pedregosa2011scikit,"Pedregosa, Fabian and Varoquaux, Gael and Gramfort, Alexandre and Michel, Vincent and Thirion, Bertrand and Grisel, Olivier and Blondel, Mathieu and Prettenhofer, Peter and Weiss, Ron and Dubourg, Vincent and VanderPlas, Jake and Passos, Alexandre and Cournapeau, David and Brucher, Matthieu and Perrot, Matthieu and Duchesnay, Edouard",2011,Scikit-learn: Machine Learning in Python,Journal of Machine Learning Research,academic_journal_article,yes,English,"Machine learning, rare-event evaluation, and temporal validation",software implementation paper,machine-learning library,Citable source for the modeling software ecosystem used in Python.,"Software citation, not a theory source.",Cite for implementation reproducibility.,The model implementation uses established open-source ML tooling.,https://www.jmlr.org/papers/v12/pedregosa11a.html,verified_official_page
fawcett2006roc,"Fawcett, Tom",2006,An Introduction to ROC Analysis,Pattern Recognition Letters,academic_journal_article,yes,English,"Machine learning, rare-event evaluation, and temporal validation",ROC evaluation review,binary classification evaluation,Explains ROC analysis and related evaluation concepts.,ROC-AUC can remain optimistic for rare positives.,Use with PR-AUC sources to discuss metric tradeoffs.,ROC-AUC is informative but insufficient for rare-event target interpretation.,https://doi.org/10.1016/j.patrec.2005.10.010,verified_doi
davis2006relationship,"Davis, Jesse and Goadrich, Mark",2006,The Relationship between Precision-Recall and ROC Curves,Proceedings of the 23rd International Conference on Machine Learning,peer_reviewed_conference_paper,yes,English,"Machine learning, rare-event evaluation, and temporal validation",precision-recall and ROC comparison,binary classifier evaluation,Shows how precision-recall and ROC views differ.,"General ML evaluation paper, not finance-specific.",Supports PR-curve interpretation.,Precision-recall metrics are necessary when positive-class performance matters.,https://doi.org/10.1145/1143844.1143874,verified_doi
saito2015precision,"Saito, Takaya and Rehmsmeier, Marc",2015,The Precision-Recall Plot Is More Informative than the ROC Plot When Evaluating Binary Classifiers on Imbalanced Datasets,PLOS ONE,academic_journal_article,yes,English,"Machine learning, rare-event evaluation, and temporal validation",imbalanced-classifier evaluation,binary classification with imbalanced datasets,Directly argues for precision-recall plots under class imbalance.,"General ML evaluation source, not distress-specific.",Justifies PR-AUC for strict distress and broader pressure targets.,PR-AUC is central for rare strict legal distress.,https://doi.org/10.1371/journal.pone.0118432,verified_doi
chawla2002smote,"Chawla, Nitesh V. and Bowyer, Kevin W. and Hall, Lawrence O. and Kegelmeyer, W. Philip",2002,SMOTE: Synthetic Minority Over-Sampling Technique,Journal of Artificial Intelligence Research,academic_journal_article,yes,English,"Machine learning, rare-event evaluation, and temporal validation",minority-class oversampling,imbalanced classification,Introduces a major class-imbalance method.,Synthetic oversampling can distort time-ordered financial panels if used carelessly.,Discuss as an imbalance method considered conceptually but not central.,"Rare-event methods exist, but temporal integrity matters more than blindly balancing classes.",https://doi.org/10.1613/jair.953,verified_doi
burez2009handling,"Burez, Jonathan and Van den Poel, Dirk",2009,Handling Class Imbalance in Customer Churn Prediction,Expert Systems with Applications,academic_journal_article,yes,English,"Machine learning, rare-event evaluation, and temporal validation",class imbalance methods,customer churn prediction,Shows class imbalance is a practical predictive-modeling issue beyond one domain.,Churn is not distress; use only for general imbalance logic.,Secondary support for imbalance handling concerns.,Imbalanced classes can distort standard classifier performance.,https://doi.org/10.1016/j.eswa.2009.05.027,verified_doi
lundberg2017unified,"Lundberg, Scott M. and Lee, Su-In",2017,A Unified Approach to Interpreting Model Predictions,Advances in Neural Information Processing Systems 30,peer_reviewed_conference_paper,yes,English,Interpretability and explainable ML,SHAP explanation framework,model-agnostic and model-specific explanation,Introduces SHAP as a unified additive explanation approach.,Explanations are not causal proof.,Supports feature-contribution interpretation language.,Feature contribution methods help explain model behavior but should not be written as causality.,https://papers.neurips.cc/paper/7062-a-unified-approach-to-interpreting-model-predictions,verified_official_page
ribeiro2016trust,"Ribeiro, Marco Tulio and Singh, Sameer and Guestrin, Carlos",2016,"""Why Should I Trust You?"": Explaining the Predictions of Any Classifier",Proceedings of the 22nd ACM SIGKDD International Conference on Knowledge Discovery and Data Mining,peer_reviewed_conference_paper,yes,English,Interpretability and explainable ML,local interpretable model explanations,classifier explanation,Introduces LIME-style local explanations for black-box predictions.,Local explanations can be unstable and do not establish causality.,Supports interpretability/trust section.,Black-box model outputs require explanatory artifacts for practical use.,https://doi.org/10.1145/2939672.2939778,verified_doi
guidotti2018survey,"Guidotti, Riccardo and Monreale, Anna and Ruggieri, Salvatore and Turini, Franco and Giannotti, Fosca and Pedreschi, Dino",2018,A Survey of Methods for Explaining Black Box Models,ACM Computing Surveys,academic_journal_article,yes,English,Interpretability and explainable ML,XAI survey,black-box model explanation methods,Provides a broad taxonomy of black-box explanation methods.,"General XAI survey, not finance-specific.",Supports XAI method classification and caution.,Interpretability is a research field with multiple methods and limitations.,https://doi.org/10.1145/3236009,verified_doi
molnar2025interpretable,"Molnar, Christoph",2025,Interpretable Machine Learning: A Guide for Making Black Box Models Explainable,Self-published open book,book,unknown,English,Interpretability and explainable ML,practical XAI methods guide,interpretable machine learning,"Clear practical reference for permutation importance, SHAP, PDP/ALE, and interpretation limits.","Book/reference source, not a peer-reviewed journal article.",Practical interpretation guide.,"Permutation importance and feature contribution need careful, non-causal wording.",https://christophm.github.io/interpretable-ml-book/,verified_official_page
bussmann2021explainable,"Bussmann, Niklas and Giudici, Paolo and Marinelli, Dimitri and Papenbrock, Jochen",2021,Explainable Machine Learning in Credit Risk Management,Computational Economics,academic_journal_article,yes,English,Interpretability and explainable ML,explainable ML in credit risk,credit-risk management,Connects explainable ML to financial-risk management practice.,Credit-risk context is related but not identical to firm failure/resilience.,Finance-specific XAI support.,Explainability is especially important in financial-risk analytics.,https://doi.org/10.1007/s10614-020-10042-0,verified_doi
gramegna2021shap,"Gramegna, Alex and Giudici, Paolo",2021,SHAP and LIME: An Evaluation of Discriminative Power in Credit Risk,Frontiers in Artificial Intelligence,academic_journal_article,yes,English,Interpretability and explainable ML,XAI method comparison,credit risk,Evaluates SHAP and LIME in a financial-risk setting.,"Credit risk, not SEC corporate distress labels.",Additional finance-specific XAI reference.,Local/global explanation methods can be compared and audited in financial models.,https://doi.org/10.3389/frai.2021.752558,verified_doi
zhang2022xai,"Zhang, Zijiao and Wu, Chong and Qu, Shiyou and Chen, Xiaofang",2022,An Explainable Artificial Intelligence Approach for Financial Distress Prediction,Information Processing & Management,academic_journal_article,yes,English,Interpretability and explainable ML,explainable AI for financial distress prediction,financial distress prediction,Directly links XAI to financial distress prediction.,Specific method/data differ from this thesis.,Direct support for interpretable financial-distress modeling.,Financial distress ML benefits from explanation layers.,https://doi.org/10.1016/j.ipm.2022.102988,verified_doi
little2019missing,"Little, Roderick J. A. and Rubin, Donald B.",2019,Statistical Analysis with Missing Data,Wiley,book,unknown,English,"Missing data, data integrity, and accounting-data limitations",missing-data theory,statistical analysis with missing data,Foundational treatment of missing-data mechanisms and analysis.,"General statistics book, not SEC-specific.",Supports missingness policy and refusal to invent null values.,Missing values should be handled according to mechanism and analysis purpose.,https://doi.org/10.1002/9781119482260,verified_doi
rubin1976inference,"Rubin, Donald B.",1976,Inference and Missing Data,Biometrika,academic_journal_article,yes,English,"Missing data, data integrity, and accounting-data limitations",missing-data mechanisms,statistical inference with missing data,Introduces central missing-data mechanism concepts.,General statistical theory; not an accounting filing guide.,Theoretical foundation for missingness treatment.,Missingness cannot automatically be treated as zero or unchanged.,https://doi.org/10.1093/biomet/63.3.581,verified_doi
graham2009missing,"Graham, John W.",2009,Missing Data Analysis: Making It Work in the Real World,Annual Review of Psychology,academic_journal_article,yes,English,"Missing data, data integrity, and accounting-data limitations",missing-data practice review,applied missing-data analysis,Practical review of missing-data risks and approaches.,Not accounting-specific.,Supports pragmatic missingness diagnostics.,Missing-data treatment needs explicit documentation and diagnostics.,https://doi.org/10.1146/annurev.psych.58.110405.085530,verified_doi
vanbuuren2018flexible,"van Buuren, Stef",2018,Flexible Imputation of Missing Data,CRC Press,book,unknown,English,"Missing data, data integrity, and accounting-data limitations",imputation methods,missing-data imputation,Practical reference for imputation approaches.,"The thesis mostly avoids aggressive imputation, so cite for context rather than implementation.",Explains why imputation is an option but not automatically appropriate.,Imputation choices must be justified; they should not invent economic facts.,https://doi.org/10.1201/9780429492259,verified_doi
sec2026financial,U.S. Securities and Exchange Commission,2026,Financial Statement Data Sets,SEC.gov,official_data_documentation,no,English,Official data sources and empirical context,official SEC dataset documentation,XBRL financial statement data sets,Official source for SEC Financial Statement Data Sets used to build the panel.,"Official documentation, not peer-reviewed theory.",Primary data source citation.,"Accounting fundamentals are sourced from SEC FSD, not manually invented.",https://www.sec.gov/data-research/sec-markets-data/financial-statement-data-sets,verified_official_page
sec2024edgarapi,U.S. Securities and Exchange Commission,2024,EDGAR Application Programming Interfaces,SEC.gov,official_data_documentation,no,English,Official data sources and empirical context,official API documentation,EDGAR submissions and company facts APIs,Official EDGAR API reference for SEC-company metadata and filings context.,"Documentation, not model evidence.",Cite for reproducibility and data-access context.,SEC data access is reproducible through official SEC endpoints and bulk sets.,https://www.sec.gov/search-filings/edgar-application-programming-interfaces,verified_official_page
fredapi,Federal Reserve Bank of St. Louis,2026,FRED API,FRED Documentation,official_data_documentation,no,English,Official data sources and empirical context,official macro-data API documentation,FRED macroeconomic time series,Official source for FRED macro-data retrieval.,"Documentation, not a theory source.",Primary macro-data source citation.,Macroeconomic data are sourced from FRED and aligned to prediction dates.,https://fred.stlouisfed.org/docs/api/fred/,verified_official_page
fredwhat,Federal Reserve Bank of St. Louis,2026,What Is FRED?,FRED Help,official_data_documentation,no,English,Official data sources and empirical context,official database description,FRED database description,Describes FRED as a source for economic data.,Background documentation only.,Basic source description in data chapter.,FRED is a recognized source for macroeconomic time-series data.,https://fredhelp.stlouisfed.org/fred/about/about-fred/what-is-fred/,verified_official_page
chicagofed2026nfci,Federal Reserve Bank of Chicago,2026,National Financial Conditions Index,Federal Reserve Bank of Chicago,official_data_documentation,no,English,"Macroeconomic conditions, credit cycles, and market-shift/default context",financial-conditions index documentation,U.S. financial conditions,Official documentation for NFCI-style financial-condition context.,"Index context, not firm-level causality.",Supports market-health/financial-conditions interpretation.,Financial conditions can be represented as macro-regime context.,https://www.chicagofed.org/research/data/nfci/current-data,verified_official_page
fed2025financialstability,Board of Governors of the Federal Reserve System,2025,Financial Stability Report,Federal Reserve Board,official_report,no,English,Official data sources and empirical context,financial-stability monitoring report,U.S. financial system vulnerabilities,Provides official context for macro-financial vulnerabilities and corporate/credit conditions.,"Contextual report, not a firm-level prediction paper.",Recent context source for market shifts and credit conditions.,The thesis sits in a current policy context where financial stability and credit conditions are monitored.,https://www.federalreserve.gov/publications/financial-stability-report.htm,verified_official_page
spglobal2025bankruptcies,S&P Global Market Intelligence,2025,U.S. Corporate Bankruptcy Filings,S&P Global Market Intelligence,industry_report,no,English,Official data sources and empirical context,bankruptcy filing tracker/reporting,U.S. corporate bankruptcy filings,Recent industry context showing corporate distress remains relevant.,Industry report and not part of the production training data.,"Context only, not model source.",Corporate bankruptcy/distress is a current applied problem.,https://www.spglobal.com/market-intelligence/en/news-insights/latest-news-headlines/us-bankruptcy-tracker,verified_publisher_or_official_page
gilchrist2012credit,"Gilchrist, Simon and Zakrajsek, Egon",2012,Credit Spreads and Business Cycle Fluctuations,American Economic Review,academic_journal_article,yes,English,"Macroeconomic conditions, credit cycles, and market-shift/default context",credit-spread/business-cycle analysis,macroeconomic and credit conditions,Shows credit spreads contain business-cycle information.,"Macro-finance source, not firm SEC accounting by itself.",Supports credit-spread and financial-conditions variables.,Credit conditions are meaningful market-shift context for firm outcomes.,https://doi.org/10.1257/aer.102.4.1692,verified_doi
longstaff2005corporate,"Longstaff, Francis A. and Mithal, Sanjay and Neis, Eric",2005,Corporate Yield Spreads: Default Risk or Liquidity? New Evidence from the Credit Default Swap Market,The Journal of Finance,academic_journal_article,yes,English,"Macroeconomic conditions, credit cycles, and market-shift/default context",credit spread decomposition,corporate yield spreads and CDS data,Shows corporate spreads reflect both default and liquidity components.,"Market spread decomposition, not accounting-panel construction.",Supports caution in interpreting macro/credit variables.,Credit-market indicators are useful context but not pure distress causes.,https://doi.org/10.1111/j.1540-6261.2005.00797.x,verified_doi
bernanke1999financial,"Bernanke, Ben S. and Gertler, Mark and Gilchrist, Simon",1999,The Financial Accelerator in a Quantitative Business Cycle Framework,Handbook of Macroeconomics,book_chapter,unknown,English,"Macroeconomic conditions, credit cycles, and market-shift/default context",financial accelerator theory,macroeconomic credit frictions,Explains how credit frictions can amplify business-cycle shocks.,"Macro theory, not a firm-level empirical model.",Theoretical support for macro-regime framing.,Macro-financial regimes can affect firms through credit and demand channels.,https://doi.org/10.1016/S1574-0048(99)10034-X,verified_doi
hevner2004design,"Hevner, Alan R. and March, Salvatore T. and Park, Jinsoo and Ram, Sudha",2004,Design Science in Information Systems Research,MIS Quarterly,academic_journal_article,yes,English,"Design science, dashboard, and decision-support artifact framing",design science research guidelines,information systems research artifacts,Frames IT artifacts as legitimate research outputs when designed and evaluated rigorously.,"General IS methodology, not financial distress-specific.",Justifies dashboard/panel/model package as an artifact.,The dashboard is defensible as a design-science artifact when connected to data and evaluation.,https://doi.org/10.2307/25148625,verified_doi
peffers2007design,"Peffers, Ken and Tuunanen, Tuure and Rothenberger, Marcus A. and Chatterjee, Samir",2007,A Design Science Research Methodology for Information Systems Research,Journal of Management Information Systems,academic_journal_article,yes,English,"Design science, dashboard, and decision-support artifact framing",design science research methodology,information systems artifact research,"Provides a process model for problem identification, artifact design, demonstration, evaluation, and communication.","Methodology source, not dashboard evaluation evidence by itself.",Structure artifact chapter.,"The dashboard should be presented as a designed and demonstrated artifact, not decoration.",https://doi.org/10.2753/MIS0742-1222240302,verified_doi
chen2012business,"Chen, Hsinchun and Chiang, Roger H. L. and Storey, Veda C.",2012,Business Intelligence and Analytics: From Big Data to Big Impact,MIS Quarterly,academic_journal_article,yes,English,"Design science, dashboard, and decision-support artifact framing",business intelligence and analytics review,business analytics and big data,Frames analytics as a business-impact and decision-support discipline.,"Broad analytics source, not a distress model paper.",Positions thesis under business analytics/big data.,The project belongs to business analytics because it translates data/model outputs into decision support.,https://doi.org/10.2307/41703503,verified_doi
shneiderman1996eyes,"Shneiderman, Ben",1996,The Eyes Have It: A Task by Data Type Taxonomy for Information Visualizations,Proceedings of the IEEE Symposium on Visual Languages,peer_reviewed_conference_paper,yes,English,"Design science, dashboard, and decision-support artifact framing",information visualization task taxonomy,visual analytics interaction,"Supports overview, zoom/filter, and details-on-demand logic.","Visualization principle, not financial content.",Justifies dashboard layout and filters.,Interactive filtering and drill-down are not cosmetic; they support analytical workflow.,https://doi.org/10.1109/VL.1996.545307,verified_doi
arnott2014decision,"Arnott, David and Pervan, Graham",2014,A Critical Analysis of Decision Support Systems Research Revisited: The Rise of Design Science,Journal of Information Technology,academic_journal_article,yes,English,"Design science, dashboard, and decision-support artifact framing",decision-support systems research review,DSS and design science,Links decision support systems research with design science approaches.,"Methodological source, not empirical distress evidence.",Supports dashboard as a decision-support system.,"The artifact should be evaluated by usefulness and transparency, not only model metrics.",https://doi.org/10.1057/jit.2014.16,verified_doi
barney1991firm,"Barney, Jay",1991,Firm Resources and Sustained Competitive Advantage,Journal of Management,academic_journal_article,yes,English,Strategic management and resilience framing,resource-based view,strategic management theory,Frames persistent firm differences and resource advantages.,Does not directly measure SEC ratios or failure targets.,High-level success/resilience framing only.,Firm-level heterogeneity matters for success and resilience.,https://doi.org/10.1177/014920639101700108,verified_doi
teece1997dynamic,"Teece, David J. and Pisano, Gary and Shuen, Amy",1997,Dynamic Capabilities and Strategic Management,Strategic Management Journal,academic_journal_article,yes,English,Strategic management and resilience framing,dynamic capabilities theory,strategic management under change,Explains adaptation and capability renewal under changing environments.,"The thesis measures financial signals, not capabilities directly.",Frames market shifts and adaptation without overclaiming unobserved capabilities.,"Adaptation is relevant to the title, but empirical measurement is through observable financial resilience.",https://doi.org/10.1002/(SICI)1097-0266(199708)18:7%3C509::AID-SMJ882%3E3.0.CO;2-Z,verified_doi
hannan1984structural,"Hannan, Michael T. and Freeman, John",1984,Structural Inertia and Organizational Change,American Sociological Review,academic_journal_article,yes,English,Strategic management and resilience framing,organizational ecology,organizational change and survival,Explains why organizations may have difficulty adapting under environmental shifts.,"Sociological theory, not financial ratio modeling.",Frames failure under market shifts conceptually.,"Failure and survival are linked to adaptation constraints, but the thesis measures only financial outcomes.",https://doi.org/10.2307/2095567,verified_doi
duchek2020resilience,"Duchek, Stephanie",2020,Organizational Resilience: A Capability-Based Conceptualization,Business Research,academic_journal_article,yes,English,Strategic management and resilience framing,conceptual resilience framework,organizational resilience,"Conceptualizes resilience as capabilities for anticipation, coping, and adaptation.",Does not provide financial-target definitions for public firms.,Supports naming the success target as resilience with caveats.,"Resilience is conceptually broader than profitability, so the thesis must define a measurable financial proxy.",https://doi.org/10.1007/s40685-019-0085-7,verified_doi
hepfer2022organizational,"Hepfer, Martin and Lawrence, Thomas B.",2022,"The Heterogeneity of Organizational Resilience: Exploring Functional, Operational and Strategic Resilience",Organization Theory,academic_journal_article,yes,English,Strategic management and resilience framing,organizational resilience theory,organizational resilience heterogeneity,Differentiates forms of resilience rather than treating resilience as one simple outcome.,Not a financial prediction model.,Supports careful wording around success/resilience target.,"The thesis uses financial resilience as a proxy, not a complete measure of organizational resilience.",https://doi.org/10.1177/26317877221074701,verified_doi
linnenluecke2017resilience,"Linnenluecke, Martina K.",2017,Resilience in Business and Management Research: A Review of Influential Publications and a Research Agenda,International Journal of Management Reviews,academic_journal_article,yes,English,Strategic management and resilience framing,resilience literature review,business and management resilience research,Reviews resilience concepts in business and management literature.,Broad review; not a direct measurement recipe for SEC data.,Literature anchor for resilience framing.,"Resilience is a recognized management construct, but operationalization must be explicit.",https://doi.org/10.1111/ijmr.12076,verified_doi
charalambakis2015developed_emerging,"Charalambakis, Evangelos and Garrett, Ian",2015,On the Prediction of Financial Distress in Developed and Emerging Markets: Does the Choice of Accounting and Market Information Matter? A Comparison of UK and Indian Firms,Review of Quantitative Finance and Accounting,academic_journal_article,yes,English,Emerging-market and Russia-specific distress prediction context,hazard model; accounting and market predictor comparison,UK and Indian firms; developed versus emerging market comparison,"Shows that the predictive value of accounting and market variables can differ across institutional settings: market variables help in the UK case, while accounting ratios dominate in India.","Compares the UK and India, not Russia or the implemented U.S. SEC/FRED panel; it uses a different model family and does not build a dashboard or target hierarchy.",Supports the literature-review claim that distress predictors are not perfectly portable across institutional settings and that market-context variables need careful empirical validation.,Institutional context can change the usefulness of accounting versus market information in distress prediction.,https://doi.org/10.1007/s11156-014-0492-y,verified_doi_and_university_metadata
hunter2001failure_risk_russia,"Hunter, John and Isachenkova, Natalia",2001,Failure Risk: A Comparative Study of UK and Russian Firms,Journal of Policy Modeling,academic_journal_article,yes,English,Emerging-market and Russia-specific distress prediction context,logit failure-risk model; bootstrap validation; UK-Russia comparison,Russian industrial firms from the transition period and a comparable UK recession-period sample,"Provides direct Russia-specific comparative evidence that failure predictors differ between Russian and UK firms, with profitability more dominant in Russia while gearing and liquidity are more prominent in the UK context.","Older transition-economy period, small Russian sample, narrow historical context, and different data environment from the current U.S. SEC/FRED panel.",Supports the contextual claim that Russian firm-failure prediction may require different predictor interpretation and should not simply import Western predictor assumptions.,Russian corporate failure predictors may differ from developed-market predictors; cross-country transferability is limited.,https://doi.org/10.1016/S0161-8938(01)00064-3,verified_doi_and_public_working_paper_page
afanasev2023default_emerging,"Afanasev, Vladislav",2023,Default Prediction Model for Emerging Capital Market Service Companies,Journal of Corporate Finance Research,academic_journal_article,yes,English,Emerging-market and Russia-specific distress prediction context,"logistic regression, random forest, and k-nearest neighbors",404 Russian service firms and 304 developed European service-firm controls,"Tests whether financial-data-only default prediction is less accurate for Russian service companies than for developed European controls, finding higher prediction error for Russian firms and suggesting financial ratios alone may be insufficient.",Service-sector only; financial-ratio-only design; not a broad cross-industry macro-regime panel; not the same target hierarchy as this thesis.,Supports a Russia-specific literature paragraph explaining why contextual variables and careful scope limits matter in emerging capital-market settings.,"Russian default prediction is feasible but may behave differently from developed-market prediction, especially if only financial ratios are used.",https://doi.org/10.17323/j.jcfr.2073-0438.17.1.2023.64-77,verified_doi_and_journal_page
fedorova2020external_factors_russia,"Fedorova, Elena A.; Musienko, Svetlana O.; Fedorov, Fedor Yu.",2020,Analysis of the External Factors Influence on the Forecasting of Bankruptcy of Russian Companies,St Petersburg University Journal of Economic Studies,academic_journal_article,yes,Russian,Emerging-market and Russia-specific distress prediction context,binary-choice bankruptcy prediction models with internal and external factor blocks,"Russian construction, manufacturing, and trading companies; sector-specific bankruptcy samples","Shows that adding external macroeconomic factors such as GDP growth, key rate, exchange rates, CPI, MICEX growth, and unemployment can improve bankruptcy-prediction explanatory capacity for Russian companies relative to internal factors alone.","Russian-language source; sector samples and modeling details differ from the current U.S. SEC/FRED design; supports external-factor relevance, not the exact market-health index.",Supports the market-shift/macro-context logic in a Russia-specific setting and helps justify future Russian macro-regime variables.,External macro factors can matter for Russian bankruptcy prediction and may improve models beyond internal company variables.,https://doi.org/10.21638/spbu05.2020.106,verified_doi_and_public_full_text_summary
nevredinov2021instrumental_ml,"Nevredinov, Aleksandr R.",2021,The Instrumental Machine Learning Methods for Corporate Bankruptcy Prediction,Finance and Credit,academic_journal_article,unknown,English/Russian metadata; likely Russian article,Emerging-market and Russia-specific distress prediction context,machine-learning method development and data-source review for bankruptcy prediction,Russian corporate bankruptcy-prediction context,"Shows that Russian bankruptcy prediction has an active machine-learning methodological stream and discusses data sources, model potential, and input selection for company analysis.",Less central than empirical cross-country/Russian sector papers; methodological/applied framing may be weaker for theory; peer-review status should be checked before heavy reliance.,Use as a secondary local-context source showing that ML-based bankruptcy prediction is recognized in Russian applied finance literature.,"Russian bankruptcy-prediction research includes ML methods, so novelty should not be framed as simply using ML.",https://doi.org/10.24891/fc.27.9.2118,verified_doi_and_publisher_page
gornostaev2022realtime_russia,"Gornostaev, Dmitry; Ponomarenko, Alexey; Seleznev, Sergei; Sterkhova, Aleksandra",2022,A Real-Time Historical Database of Macroeconomic Indicators for Russia,Russian Journal of Money and Finance,academic_journal_article,yes,English,Official data sources and empirical context,real-time macroeconomic vintage database construction,Russian short-term macroeconomic indicators and data revisions,"Documents a Russian macroeconomic vintage database and shows that revisions can be substantial, supporting the importance of using information available at the time rather than revised data.","Macro-data infrastructure source, not a firm-level distress model; relevant mainly if a Russian macro panel or future extension is discussed.",Supports timing/revision logic for any future Russian macro-regime extension and reinforces the general thesis emphasis on prediction-date validity.,Real-time macro-data availability matters when building historically valid predictive models.,https://doi.org/10.31477/rjmf.202201.88,verified_doi_and_open_access_page
davydov2022us_russian_markets,"Davydov, A. Yu.",2022,US and Russian Financial Markets: Comparative Analysis,Studies on Russian Economic Development,academic_journal_article,yes,English,"Macroeconomic conditions, credit cycles, and market-shift/default context",comparative financial-market analysis,U.S. and Russian financial markets,"Provides background evidence that Russian and U.S. financial markets differ structurally, supporting caution when transferring market-shift assumptions across countries.","Financial-market comparison, not firm-level distress prediction; should be background only.",Use as a secondary macro-financial context source if discussing why Russia and the U.S. should not be treated as interchangeable empirical environments.,Cross-country market structure differences can affect how market variables should be interpreted.,https://doi.org/10.1134/S1019331622210080,verified_doi_crossref
cbr2026financial_stability,Bank of Russia,2026,Financial Stability,Bank of Russia official financial stability portal,official_data_documentation,not_applicable,English,Official data sources and empirical context,official financial-stability monitoring and macroprudential context,"Russian financial stability reviews, macroprudential policy, stress testing, analytics, and related materials","Defines and documents the Bank of Russia financial-stability monitoring context, including shocks, vulnerabilities, resilience, and macroprudential/stress-testing materials.","Official context source, not peer-reviewed literature and not firm-level distress evidence.",Use only if discussing a possible Russian macro-stability extension or official Russian macro-financial context.,Russian official sources exist for constructing macro-financial regime context in a future Russian extension.,https://www.cbr.ru/eng/finstab/,verified_official_page
