ticker,cik,firm_id,shortname,sec_name,exchange,Sector,Industry,cohort,include_status,sec_filings,first_period,last_period,notes
AAPL,320193.0,CIK0000320193,Apple Inc.,Apple Inc.,Nasdaq,Technology,Consumer Electronics,core_large_cap,include_legacy_core,68.0,20090630.0,20251231.0,Existing defended-thesis universe.
ABBV,1551152.0,CIK0001551152,AbbVie Inc.,AbbVie Inc.,NYSE,Healthcare,Drug Manufacturers - General,core_large_cap,include_legacy_core,52.0,20130331.0,20251231.0,Existing defended-thesis universe.
ABNB,1559720.0,CIK0001559720,"Airbnb, Inc.","Airbnb, Inc.",Nasdaq,Consumer Cyclical,Travel Services,core_large_cap,include_legacy_core,20.0,20210331.0,20251231.0,Existing defended-thesis universe.
ABT,1800.0,CIK0000001800,Abbott Laboratories,ABBOTT LABORATORIES,NYSE,Healthcare,Medical Devices,core_large_cap,include_legacy_core,67.0,20090630.0,20251231.0,Existing defended-thesis universe.
ACN,1467373.0,CIK0001467373,Accenture plc,Accenture plc,NYSE,Technology,Information Technology Services,core_large_cap,include_legacy_core,66.0,20091130.0,20260228.0,Existing defended-thesis universe.
ADBE,796343.0,CIK0000796343,Adobe Inc.,ADOBE INC.,Nasdaq,Technology,Software - Infrastructure,core_large_cap,include_legacy_core,37.0,20090531.0,20180831.0,Existing defended-thesis universe.
ADI,6281.0,CIK0000006281,"Analog Devices, Inc.",ANALOG DEVICES INC,Nasdaq,Technology,Semiconductors,core_large_cap,include_legacy_core,67.0,20090731.0,20260131.0,Existing defended-thesis universe.
ADP,8670.0,CIK0000008670,"Automatic Data Processing, Inc.",AUTOMATIC DATA PROCESSING INC,Nasdaq,Technology,Software - Application,core_large_cap,include_legacy_core,65.0,20090930.0,20251231.0,Existing defended-thesis universe.
ADSK,769397.0,CIK0000769397,"Autodesk, Inc.","Autodesk, Inc.",Nasdaq,Technology,Software - Application,core_large_cap,include_legacy_core,41.0,20090430.0,20190731.0,Existing defended-thesis universe.
AEP,4904.0,CIK0000004904,American Electric Power Company,AMERICAN ELECTRIC POWER CO INC,Nasdaq,Utilities,Utilities - Regulated Electric,core_large_cap,include_legacy_core,67.0,20090630.0,20251231.0,Existing defended-thesis universe.
AFL,4977.0,CIK0000004977,AFLAC Incorporated,AFLAC INC,NYSE,Financial Services,Insurance - Life,core_large_cap,include_legacy_core,67.0,20090630.0,20251231.0,Existing defended-thesis universe.
AIG,5272.0,CIK0000005272,"American International Group, I","AMERICAN INTERNATIONAL GROUP, INC.",NYSE,Financial Services,Insurance - Diversified,core_large_cap,include_legacy_core,46.0,20090630.0,20200930.0,Existing defended-thesis universe.
AJG,354190.0,CIK0000354190,Arthur J. Gallagher & Co.,Arthur J. Gallagher & Co.,NYSE,Financial Services,Insurance Brokers,core_large_cap,include_legacy_core,37.0,20100630.0,20190630.0,Existing defended-thesis universe.
ALL,899051.0,CIK0000899051,Allstate Corporation (The),ALLSTATE CORP,NYSE,Financial Services,Insurance - Property & Casualty,core_large_cap,include_legacy_core,67.0,20090630.0,20251231.0,Existing defended-thesis universe.
AMAT,6951.0,CIK0000006951,"Applied Materials, Inc.",APPLIED MATERIALS INC /DE,Nasdaq,Technology,Semiconductor Equipment & Materials,core_large_cap,include_legacy_core,68.0,20090731.0,20260131.0,Existing defended-thesis universe.
AMD,2488.0,CIK0000002488,"Advanced Micro Devices, Inc.",ADVANCED MICRO DEVICES INC,Nasdaq,Technology,Semiconductors,core_large_cap,include_legacy_core,63.0,20100630.0,20251231.0,Existing defended-thesis universe.
AME,1037868.0,CIK0001037868,"AMETEK, Inc.",AMETEK INC/,NYSE,Industrials,Specialty Industrial Machinery,core_large_cap,include_legacy_core,67.0,20090630.0,20251231.0,Existing defended-thesis universe.
AMGN,318154.0,CIK0000318154,Amgen Inc.,AMGEN INC,Nasdaq,Healthcare,Drug Manufacturers - General,core_large_cap,include_legacy_core,67.0,20090630.0,20251231.0,Existing defended-thesis universe.
AMP,820027.0,CIK0000820027,"Ameriprise Financial, Inc.",AMERIPRISE FINANCIAL INC,NYSE,Financial Services,Asset Management,core_large_cap,include_legacy_core,68.0,20090630.0,20251231.0,Existing defended-thesis universe.
AMT,1053507.0,CIK0001053507,American Tower Corporation (REI,AMERICAN TOWER CORP /MA/,NYSE,Real Estate,REIT - Specialty,core_large_cap,include_legacy_core,67.0,20090630.0,20251231.0,Existing defended-thesis universe.
AMZN,1018724.0,CIK0001018724,"Amazon.com, Inc.",AMAZON COM INC,Nasdaq,Consumer Cyclical,Internet Retail,core_large_cap,include_legacy_core,67.0,20090630.0,20251231.0,Existing defended-thesis universe.
ANET,1596532.0,CIK0001596532,"Arista Networks, Inc.","Arista Networks, Inc.",NYSE,Technology,Computer Hardware,core_large_cap,include_legacy_core,48.0,20140630.0,20251231.0,Existing defended-thesis universe.
ANSS,,ANSS,"ANSYS, Inc.",,,Technology,Software - Application,core_large_cap,include_legacy_core,,,,Existing defended-thesis universe.
AON,315293.0,CIK0000315293,Aon plc,Aon plc,NYSE,Financial Services,Insurance Brokers,core_large_cap,include_legacy_core,56.0,20120331.0,20251231.0,Existing defended-thesis universe.
APD,2969.0,CIK0000002969,"Air Products and Chemicals, Inc","Air Products & Chemicals, Inc.",NYSE,Basic Materials,Specialty Chemicals,core_large_cap,include_legacy_core,51.0,20090630.0,20211231.0,Existing defended-thesis universe.
APH,820313.0,CIK0000820313,Amphenol Corporation,AMPHENOL CORP /DE/,NYSE,Technology,Electronic Components,core_large_cap,include_legacy_core,67.0,20090630.0,20251231.0,Existing defended-thesis universe.
APP,1751008.0,CIK0001751008,AppLovin Corporation,AppLovin Corp,Nasdaq,Technology,Application Software,core_large_cap,include_legacy_core,20.0,20210331.0,20251231.0,Existing defended-thesis universe.
AVGO,1730168.0,CIK0001730168,Broadcom Inc.,Broadcom Inc.,Nasdaq,Technology,Semiconductors,core_large_cap,include_legacy_core,32.0,20180430.0,20260131.0,Existing defended-thesis universe.
AXON,1069183.0,CIK0001069183,"Axon Enterprise, Inc.","AXON ENTERPRISE, INC.",Nasdaq,Industrials,Aerospace & Defense,core_large_cap,include_legacy_core,37.0,20170331.0,20251231.0,Existing defended-thesis universe.
AXP,4962.0,CIK0000004962,American Express Company,AMERICAN EXPRESS CO,NYSE,Financial Services,Credit Services,core_large_cap,include_legacy_core,67.0,20090630.0,20251231.0,Existing defended-thesis universe.
AZO,866787.0,CIK0000866787,"AutoZone, Inc.",AUTOZONE INC,NYSE,Consumer Cyclical,Specialty Retail,core_large_cap,include_legacy_core,66.0,20091130.0,20260131.0,Existing defended-thesis universe.
BA,12927.0,CIK0000012927,Boeing Company (The),BOEING CO,NYSE,Industrials,Aerospace & Defense,core_large_cap,include_legacy_core,67.0,20090630.0,20251231.0,Existing defended-thesis universe.
BAC,70858.0,CIK0000070858,Bank of America Corporation,BANK OF AMERICA CORP /DE/,NYSE,Financial Services,Banks - Diversified,core_large_cap,include_legacy_core,67.0,20090630.0,20251231.0,Existing defended-thesis universe.
BDX,10795.0,CIK0000010795,"Becton, Dickinson and Company",BECTON DICKINSON & CO,NYSE,Healthcare,Medical Instruments & Supplies,core_large_cap,include_legacy_core,68.0,20090630.0,20251231.0,Existing defended-thesis universe.
BIIB,875045.0,CIK0000875045,Biogen Inc.,BIOGEN INC.,Nasdaq,Healthcare,Drug Manufacturers - General,core_large_cap,include_legacy_core,44.0,20150331.0,20251231.0,Existing defended-thesis universe.
BK,1390777.0,CIK0001390777,The Bank of New York Mellon Cor,Bank of New York Mellon Corp,NYSE,Financial Services,Banks - Diversified,core_large_cap,include_legacy_core,67.0,20090630.0,20251231.0,Existing defended-thesis universe.
BKNG,1075531.0,CIK0001075531,Booking Holdings Inc. Common St,Booking Holdings Inc.,Nasdaq,Consumer Cyclical,Travel Services,core_large_cap,include_legacy_core,33.0,20171231.0,20251231.0,Existing defended-thesis universe.
BKR,1701605.0,CIK0001701605,Baker Hughes Company,Baker Hughes Co,Nasdaq,Energy,Oil & Gas Equipment & Services,core_large_cap,include_legacy_core,26.0,20190930.0,20251231.0,Existing defended-thesis universe.
BLK,2012383.0,CIK0002012383,"BlackRock, Inc.","BlackRock, Inc.",NYSE,Financial Services,Asset Management,core_large_cap,include_legacy_core,6.0,20240930.0,20251231.0,Existing defended-thesis universe.
BMY,14272.0,CIK0000014272,Bristol-Myers Squibb Company,BRISTOL MYERS SQUIBB CO,NYSE,Healthcare,Drug Manufacturers - General,core_large_cap,include_legacy_core,67.0,20090630.0,20251231.0,Existing defended-thesis universe.
BRK-B,1067983.0,CIK0001067983,Berkshire Hathaway Inc. New,BERKSHIRE HATHAWAY INC,NYSE,Financial Services,Insurance - Diversified,core_large_cap,include_legacy_core,67.0,20090630.0,20251231.0,Existing defended-thesis universe.
BSX,885725.0,CIK0000885725,Boston Scientific Corporation,BOSTON SCIENTIFIC CORP,NYSE,Healthcare,Medical Devices,core_large_cap,include_legacy_core,68.0,20090630.0,20251231.0,Existing defended-thesis universe.
BX,1393818.0,CIK0001393818,Blackstone Inc.,Blackstone Inc.,NYSE,Financial Services,Asset Management,core_large_cap,include_legacy_core,35.0,20100630.0,20190331.0,Existing defended-thesis universe.
C,831001.0,CIK0000831001,"Citigroup, Inc.",CITIGROUP INC,NYSE,Financial Services,Banks - Diversified,core_large_cap,include_legacy_core,67.0,20090630.0,20251231.0,Existing defended-thesis universe.
CARR,1783180.0,CIK0001783180,Carrier Global Corporation,CARRIER GLOBAL Corp,NYSE,Industrials,Building Products & Equipment,core_large_cap,include_legacy_core,24.0,20200331.0,20251231.0,Existing defended-thesis universe.
CAT,18230.0,CIK0000018230,"Caterpillar, Inc.",CATERPILLAR INC,NYSE,Industrials,Farm & Heavy Construction Machinery,core_large_cap,include_legacy_core,67.0,20090630.0,20251231.0,Existing defended-thesis universe.
CB,896159.0,CIK0000896159,Chubb Limited,Chubb Ltd,NYSE,Financial Services,Insurance - Property & Casualty,core_large_cap,include_legacy_core,41.0,20151231.0,20251231.0,Existing defended-thesis universe.
CDNS,813672.0,CIK0000813672,"Cadence Design Systems, Inc.",CADENCE DESIGN SYSTEMS INC,Nasdaq,Technology,Software - Application,core_large_cap,include_legacy_core,64.0,20100630.0,20251231.0,Existing defended-thesis universe.
CDW,1402057.0,CIK0001402057,CDW Corporation,CDW Corp,Nasdaq,Technology,Information Technology Services,core_large_cap,include_legacy_core,60.0,20110630.0,20251231.0,Existing defended-thesis universe.
CEG,1868275.0,CIK0001868275,Constellation Energy Corporatio,Constellation Energy Corp,Nasdaq,Utilities,Utilities - Renewable,core_large_cap,include_legacy_core,17.0,20211231.0,20251231.0,Existing defended-thesis universe.
CHTR,1091667.0,CIK0001091667,"Charter Communications, Inc.","CHARTER COMMUNICATIONS, INC. /MO/",Nasdaq,Communication Services,Telecom Services,core_large_cap,include_legacy_core,61.0,20110331.0,20251231.0,Existing defended-thesis universe.
CI,1739940.0,CIK0001739940,The Cigna Group,Cigna Group,NYSE,Healthcare,Healthcare Plans,core_large_cap,include_legacy_core,16.0,20181231.0,20220930.0,Existing defended-thesis universe.
CL,21665.0,CIK0000021665,Colgate-Palmolive Company,COLGATE PALMOLIVE CO,NYSE,Consumer Defensive,Household & Personal Products,core_large_cap,include_legacy_core,68.0,20090630.0,20251231.0,Existing defended-thesis universe.
CMCSA,1166691.0,CIK0001166691,Comcast Corporation,COMCAST CORP,Nasdaq,Communication Services,Telecom Services,core_large_cap,include_legacy_core,67.0,20090630.0,20251231.0,Existing defended-thesis universe.
CME,1156375.0,CIK0001156375,CME Group Inc.,CME GROUP INC.,Nasdaq,Financial Services,Financial Data & Stock Exchanges,core_large_cap,include_legacy_core,68.0,20090630.0,20251231.0,Existing defended-thesis universe.
CMG,1058090.0,CIK0001058090,"Chipotle Mexican Grill, Inc.",CHIPOTLE MEXICAN GRILL INC,NYSE,Consumer Cyclical,Restaurants,core_large_cap,include_legacy_core,63.0,20100630.0,20251231.0,Existing defended-thesis universe.
CMI,26172.0,CIK0000026172,Cummins Inc.,CUMMINS INC,NYSE,Industrials,Specialty Industrial Machinery,core_large_cap,include_legacy_core,67.0,20090630.0,20251231.0,Existing defended-thesis universe.
COF,927628.0,CIK0000927628,Capital One Financial Corporati,CAPITAL ONE FINANCIAL CORP,NYSE,Financial Services,Credit Services,core_large_cap,include_legacy_core,67.0,20090630.0,20251231.0,Existing defended-thesis universe.
COP,1163165.0,CIK0001163165,ConocoPhillips,CONOCOPHILLIPS,NYSE,Energy,Oil & Gas E&P,core_large_cap,include_legacy_core,68.0,20090630.0,20251231.0,Existing defended-thesis universe.
COR,1140859.0,CIK0001140859,"Cencora, Inc.","Cencora, Inc.",NYSE,Healthcare,Medical Distribution,core_large_cap,include_legacy_core,57.0,20090630.0,20230630.0,Existing defended-thesis universe.
COST,909832.0,CIK0000909832,Costco Wholesale Corporation,COSTCO WHOLESALE CORP /NEW,Nasdaq,Consumer Defensive,Discount Stores,core_large_cap,include_legacy_core,66.0,20091130.0,20260131.0,Existing defended-thesis universe.
CPRT,900075.0,CIK0000900075,"Copart, Inc.",COPART INC,Nasdaq,Industrials,Specialty Business Services,core_large_cap,include_legacy_core,62.0,20101031.0,20260131.0,Existing defended-thesis universe.
CRM,1108524.0,CIK0001108524,"Salesforce, Inc.","Salesforce, Inc.",NYSE,Technology,Software - Application,core_large_cap,include_legacy_core,39.0,20090731.0,20190430.0,Existing defended-thesis universe.
CRWD,1535527.0,CIK0001535527,"CrowdStrike Holdings, Inc.","CrowdStrike Holdings, Inc.",Nasdaq,Technology,Software - Infrastructure,core_large_cap,include_legacy_core,28.0,20190430.0,20260131.0,Existing defended-thesis universe.
CSCO,858877.0,CIK0000858877,"Cisco Systems, Inc.","CISCO SYSTEMS, INC.",Nasdaq,Technology,Communication Equipment,core_large_cap,include_legacy_core,57.0,20120131.0,20260131.0,Existing defended-thesis universe.
CSGP,1057352.0,CIK0001057352,"CoStar Group, Inc.","COSTAR GROUP, INC.",Nasdaq,Real Estate,Real Estate Services,core_large_cap,include_legacy_core,32.0,20110630.0,20190331.0,Existing defended-thesis universe.
CSX,277948.0,CIK0000277948,CSX Corporation,CSX CORP,Nasdaq,Industrials,Railroads,core_large_cap,include_legacy_core,68.0,20090331.0,20251231.0,Existing defended-thesis universe.
CTAS,723254.0,CIK0000723254,Cintas Corporation,CINTAS CORP,Nasdaq,Industrials,Specialty Business Services,core_large_cap,include_legacy_core,62.0,20100831.0,20251130.0,Existing defended-thesis universe.
CTSH,1058290.0,CIK0001058290,Cognizant Technology Solutions ,COGNIZANT TECHNOLOGY SOLUTIONS CORP,Nasdaq,Technology,Information Technology Services,core_large_cap,include_legacy_core,67.0,20090630.0,20251231.0,Existing defended-thesis universe.
CVS,64803.0,CIK0000064803,CVS Health Corporation,CVS HEALTH Corp,NYSE,Healthcare,Healthcare Plans,core_large_cap,include_legacy_core,46.0,20140930.0,20251231.0,Existing defended-thesis universe.
CVX,93410.0,CIK0000093410,Chevron Corporation,CHEVRON CORP,NYSE,Energy,Oil & Gas Integrated,core_large_cap,include_legacy_core,68.0,20090630.0,20251231.0,Existing defended-thesis universe.
D,715957.0,CIK0000715957,"Dominion Energy, Inc.","DOMINION ENERGY, INC",NYSE,Utilities,Utilities - Regulated Electric,core_large_cap,include_legacy_core,32.0,20090630.0,20170331.0,Existing defended-thesis universe.
DASH,1792789.0,CIK0001792789,DoorDash Inc.,"DoorDash, Inc.",Nasdaq,Technology,Internet Retail,core_large_cap,include_legacy_core,21.0,20201231.0,20251231.0,Existing defended-thesis universe.
DDOG,1561550.0,CIK0001561550,Datadog Inc.,"Datadog, Inc.",Nasdaq,Technology,Software - Application,core_large_cap,include_legacy_core,26.0,20190930.0,20251231.0,Existing defended-thesis universe.
DE,315189.0,CIK0000315189,Deere & Company,DEERE & CO,NYSE,Industrials,Farm & Heavy Construction Machinery,core_large_cap,include_legacy_core,67.0,20090731.0,20260131.0,Existing defended-thesis universe.
DELL,1571996.0,CIK0001571996,Dell Technologies Inc.,Dell Technologies Inc.,NYSE,Technology,Computer Hardware,core_large_cap,include_legacy_core,38.0,20161031.0,20260131.0,Existing defended-thesis universe.
DFS,,DFS,Discover Financial Services,,,Financial Services,Credit Services,core_large_cap,include_legacy_core,,,,Existing defended-thesis universe.
DHI,882184.0,CIK0000882184,"D.R. Horton, Inc.",HORTON D R INC /DE/,NYSE,Consumer Cyclical,Residential Construction,core_large_cap,include_legacy_core,63.0,20100630.0,20251231.0,Existing defended-thesis universe.
DHR,313616.0,CIK0000313616,Danaher Corporation,DANAHER CORP /DE/,NYSE,Healthcare,Diagnostics & Research,core_large_cap,include_legacy_core,67.0,20090630.0,20251231.0,Existing defended-thesis universe.
DIS,1744489.0,CIK0001744489,Walt Disney Company (The),Walt Disney Co,NYSE,Communication Services,Entertainment,core_large_cap,include_legacy_core,28.0,20190331.0,20251231.0,Existing defended-thesis universe.
DLR,1297996.0,CIK0001297996,"Digital Realty Trust, Inc.","DIGITAL REALTY TRUST, INC.",NYSE,Real Estate,REIT - Specialty,core_large_cap,include_legacy_core,64.0,20100630.0,20251231.0,Existing defended-thesis universe.
DUK,1326160.0,CIK0001326160,Duke Energy Corporation (Holdin,Duke Energy CORP,NYSE,Utilities,Utilities - Regulated Electric,core_large_cap,include_legacy_core,67.0,20090630.0,20251231.0,Existing defended-thesis universe.
DXCM,1093557.0,CIK0001093557,"DexCom, Inc.",DEXCOM INC,Nasdaq,Healthcare,Medical Devices,core_large_cap,include_legacy_core,59.0,20110630.0,20251231.0,Existing defended-thesis universe.
EA,712515.0,CIK0000712515,Electronic Arts Inc.,ELECTRONIC ARTS INC.,Nasdaq,Communication Services,Electronic Gaming & Multimedia,core_large_cap,include_legacy_core,67.0,20090630.0,20251231.0,Existing defended-thesis universe.
ECL,31462.0,CIK0000031462,Ecolab Inc.,ECOLAB INC.,NYSE,Basic Materials,Specialty Chemicals,core_large_cap,include_legacy_core,42.0,20150930.0,20251231.0,Existing defended-thesis universe.
ELV,1156039.0,CIK0001156039,"Elevance Health, Inc.","Elevance Health, Inc.",NYSE,Healthcare,Healthcare Plans,core_large_cap,include_legacy_core,30.0,20141231.0,20220331.0,Existing defended-thesis universe.
EMR,32604.0,CIK0000032604,Emerson Electric Company,EMERSON ELECTRIC CO,NYSE,Industrials,Specialty Industrial Machinery,core_large_cap,include_legacy_core,67.0,20090630.0,20251231.0,Existing defended-thesis universe.
EOG,821189.0,CIK0000821189,"EOG Resources, Inc.",EOG RESOURCES INC,NYSE,Energy,Oil & Gas E&P,core_large_cap,include_legacy_core,67.0,20090630.0,20251231.0,Existing defended-thesis universe.
EQIX,1101239.0,CIK0001101239,"Equinix, Inc.",EQUINIX INC,Nasdaq,Real Estate,REIT - Specialty,core_large_cap,include_legacy_core,63.0,20100630.0,20251231.0,Existing defended-thesis universe.
ETN,1551182.0,CIK0001551182,"Eaton Corporation, PLC",Eaton Corp plc,NYSE,Industrials,Specialty Industrial Machinery,core_large_cap,include_legacy_core,53.0,20121231.0,20251231.0,Existing defended-thesis universe.
EW,1099800.0,CIK0001099800,Edwards Lifesciences Corporatio,Edwards Lifesciences Corp,NYSE,Healthcare,Medical Devices,core_large_cap,include_legacy_core,63.0,20100630.0,20251231.0,Existing defended-thesis universe.
EXC,1109357.0,CIK0001109357,Exelon Corporation,EXELON CORP,Nasdaq,Utilities,Utilities - Regulated Electric,core_large_cap,include_legacy_core,66.0,20090630.0,20251231.0,Existing defended-thesis universe.
FANG,1539838.0,CIK0001539838,"Diamondback Energy, Inc.","Diamondback Energy, Inc.",Nasdaq,Energy,Oil & Gas E&P,core_large_cap,include_legacy_core,54.0,20120930.0,20251231.0,Existing defended-thesis universe.
FAST,815556.0,CIK0000815556,Fastenal Company,FASTENAL CO,Nasdaq,Industrials,Industrial Distribution,core_large_cap,include_legacy_core,67.0,20090630.0,20251231.0,Existing defended-thesis universe.
FCX,831259.0,CIK0000831259,"Freeport-McMoRan, Inc.",FREEPORT-MCMORAN INC,NYSE,Basic Materials,Copper,core_large_cap,include_legacy_core,47.0,20140630.0,20251231.0,Existing defended-thesis universe.
FDX,1048911.0,CIK0001048911,FedEx Corporation,FEDEX CORP,NYSE,Industrials,Integrated Freight & Logistics,core_large_cap,include_legacy_core,66.0,20090831.0,20260228.0,Existing defended-thesis universe.
FI,,FI,"Fiserv, Inc.",,,Technology,Information Technology Services,core_large_cap,include_legacy_core,,,,Existing defended-thesis universe.
FICO,814547.0,CIK0000814547,Fair Isaac Corporation,FAIR ISAAC CORP,NYSE,Technology,Software - Application,core_large_cap,include_legacy_core,63.0,20100630.0,20251231.0,Existing defended-thesis universe.
FIS,1136893.0,CIK0001136893,Fidelity National Information S,"Fidelity National Information Services, Inc.",NYSE,Technology,Information Technology Services,core_large_cap,include_legacy_core,67.0,20090630.0,20251231.0,Existing defended-thesis universe.
FTNT,1262039.0,CIK0001262039,"Fortinet, Inc.","Fortinet, Inc.",Nasdaq,Technology,Software - Infrastructure,core_large_cap,include_legacy_core,33.0,20110630.0,20190331.0,Existing defended-thesis universe.
GD,40533.0,CIK0000040533,General Dynamics Corporation,GENERAL DYNAMICS CORP,NYSE,Industrials,Aerospace & Defense,core_large_cap,include_legacy_core,67.0,20090630.0,20251231.0,Existing defended-thesis universe.
GE,40545.0,CIK0000040545,GE Aerospace,GENERAL ELECTRIC CO,NYSE,Industrials,Aerospace & Defense,core_large_cap,include_legacy_core,69.0,20090630.0,20251231.0,Existing defended-thesis universe.
GEHC,1932393.0,CIK0001932393,GE HealthCare Technologies Inc.,GE HealthCare Technologies Inc.,Nasdaq,Healthcare,Health Information Services,core_large_cap,include_legacy_core,12.0,20230331.0,20251231.0,Existing defended-thesis universe.
GEV,1996810.0,CIK0001996810,GE Vernova Inc.,GE Vernova Inc.,NYSE,Utilities,Utilities - Renewable,core_large_cap,include_legacy_core,8.0,20240331.0,20251231.0,Existing defended-thesis universe.
GILD,882095.0,CIK0000882095,"Gilead Sciences, Inc.","GILEAD SCIENCES, INC.",Nasdaq,Healthcare,Drug Manufacturers - General,core_large_cap,include_legacy_core,50.0,20090630.0,20210930.0,Existing defended-thesis universe.
GM,1467858.0,CIK0001467858,General Motors Company,General Motors Co,NYSE,Consumer Cyclical,Auto Manufacturers,core_large_cap,include_legacy_core,60.0,20110630.0,20251231.0,Existing defended-thesis universe.
GOOG,1652044.0,CIK0001652044,Alphabet Inc.,Alphabet Inc.,Nasdaq,Communication Services,Internet Content & Information,core_large_cap,include_legacy_core,42.0,20150930.0,20251231.0,Existing defended-thesis universe.
GS,886982.0,CIK0000886982,"Goldman Sachs Group, Inc. (The)",GOLDMAN SACHS GROUP INC,NYSE,Financial Services,Capital Markets,core_large_cap,include_legacy_core,68.0,20090630.0,20251231.0,Existing defended-thesis universe.
GWW,277135.0,CIK0000277135,"W.W. Grainger, Inc.","W.W. GRAINGER, INC.",NYSE,Industrials,Industrial Distribution,core_large_cap,include_legacy_core,41.0,20090630.0,20190630.0,Existing defended-thesis universe.
HCA,860730.0,CIK0000860730,"HCA Healthcare, Inc.","HCA Healthcare, Inc.",NYSE,Healthcare,Medical Care Facilities,core_large_cap,include_legacy_core,36.0,20170331.0,20251231.0,Existing defended-thesis universe.
HD,354950.0,CIK0000354950,"Home Depot, Inc. (The)","HOME DEPOT, INC.",NYSE,Consumer Cyclical,Home Improvement Retail,core_large_cap,include_legacy_core,40.0,20090731.0,20190430.0,Existing defended-thesis universe.
HLT,1585689.0,CIK0001585689,Hilton Worldwide Holdings Inc.,Hilton Worldwide Holdings Inc.,NYSE,Consumer Cyclical,Lodging,core_large_cap,include_legacy_core,48.0,20140331.0,20251231.0,Existing defended-thesis universe.
HON,773840.0,CIK0000773840,Honeywell International Inc.,HONEYWELL INTERNATIONAL INC,Nasdaq,Industrials,Conglomerates,core_large_cap,include_legacy_core,67.0,20090630.0,20251231.0,Existing defended-thesis universe.
HWM,4281.0,CIK0000004281,Howmet Aerospace Inc.,Howmet Aerospace Inc.,NYSE,Industrials,Aerospace & Defense,core_large_cap,include_legacy_core,30.0,20090630.0,20160630.0,Existing defended-thesis universe.
IBM,51143.0,CIK0000051143,International Business Machines,INTERNATIONAL BUSINESS MACHINES CORP,NYSE,Technology,Information Technology Services,core_large_cap,include_legacy_core,66.0,20090630.0,20251231.0,Existing defended-thesis universe.
ICE,1571949.0,CIK0001571949,Intercontinental Exchange Inc.,"Intercontinental Exchange, Inc.",NYSE,Financial Services,Financial Data & Stock Exchanges,core_large_cap,include_legacy_core,48.0,20140630.0,20251231.0,Existing defended-thesis universe.
IDXX,874716.0,CIK0000874716,"IDEXX Laboratories, Inc.",IDEXX LABORATORIES INC /DE,Nasdaq,Healthcare,Diagnostics & Research,core_large_cap,include_legacy_core,63.0,20100630.0,20251231.0,Existing defended-thesis universe.
INTC,50863.0,CIK0000050863,Intel Corporation,INTEL CORP,Nasdaq,Technology,Semiconductors,core_large_cap,include_legacy_core,67.0,20090630.0,20251231.0,Existing defended-thesis universe.
INTU,896878.0,CIK0000896878,Intuit Inc.,INTUIT INC.,Nasdaq,Technology,Software - Application,core_large_cap,include_legacy_core,53.0,20091031.0,20230131.0,Existing defended-thesis universe.
ISRG,1035267.0,CIK0001035267,"Intuitive Surgical, Inc.",INTUITIVE SURGICAL INC,Nasdaq,Healthcare,Medical Instruments & Supplies,core_large_cap,include_legacy_core,67.0,20090630.0,20251231.0,Existing defended-thesis universe.
ITW,49826.0,CIK0000049826,Illinois Tool Works Inc.,ILLINOIS TOOL WORKS INC,NYSE,Industrials,Specialty Industrial Machinery,core_large_cap,include_legacy_core,67.0,20090630.0,20251231.0,Existing defended-thesis universe.
JCI,833444.0,CIK0000833444,Johnson Controls International ,Johnson Controls International plc,NYSE,Industrials,Building Products & Equipment,core_large_cap,include_legacy_core,38.0,20160930.0,20251231.0,Existing defended-thesis universe.
JNJ,200406.0,CIK0000200406,Johnson & Johnson,JOHNSON & JOHNSON,NYSE,Healthcare,Drug Manufacturers - General,core_large_cap,include_legacy_core,67.0,20090630.0,20251231.0,Existing defended-thesis universe.
JPM,19617.0,CIK0000019617,JP Morgan Chase & Co.,JPMORGAN CHASE & CO,NYSE,Financial Services,Banks - Diversified,core_large_cap,include_legacy_core,59.0,20110930.0,20251231.0,Existing defended-thesis universe.
KDP,1418135.0,CIK0001418135,Keurig Dr Pepper Inc.,Keurig Dr Pepper Inc.,Nasdaq,Consumer Defensive,Beverages - Non-Alcoholic,core_large_cap,include_legacy_core,34.0,20100331.0,20180331.0,Existing defended-thesis universe.
KHC,1637459.0,CIK0001637459,The Kraft Heinz Company,Kraft Heinz Co,Nasdaq,Consumer Defensive,Packaged Foods,core_large_cap,include_legacy_core,45.0,20150630.0,20251231.0,Existing defended-thesis universe.
KKR,1404912.0,CIK0001404912,KKR & Co. Inc.,KKR & Co. Inc.,NYSE,Financial Services,Asset Management,core_large_cap,include_legacy_core,31.0,20180630.0,20251231.0,Existing defended-thesis universe.
KLAC,319201.0,CIK0000319201,KLA Corporation,KLA CORP,Nasdaq,Technology,Semiconductor Equipment & Materials,core_large_cap,include_legacy_core,35.0,20100930.0,20190331.0,Existing defended-thesis universe.
KMB,55785.0,CIK0000055785,Kimberly-Clark Corporation,KIMBERLY CLARK CORP,Nasdaq,Consumer Defensive,Household & Personal Products,core_large_cap,include_legacy_core,69.0,20090630.0,20251231.0,Existing defended-thesis universe.
KMI,1506307.0,CIK0001506307,"Kinder Morgan, Inc.","KINDER MORGAN, INC.",NYSE,Energy,Oil & Gas Midstream,core_large_cap,include_legacy_core,59.0,20110630.0,20251231.0,Existing defended-thesis universe.
KO,21344.0,CIK0000021344,Coca-Cola Company (The),COCA COLA CO,NYSE,Consumer Defensive,Beverages - Non-Alcoholic,core_large_cap,include_legacy_core,67.0,20090630.0,20251231.0,Existing defended-thesis universe.
KR,56873.0,CIK0000056873,Kroger Company (The),KROGER CO,NYSE,Consumer Defensive,Grocery Stores,core_large_cap,include_legacy_core,68.0,20090731.0,20260131.0,Existing defended-thesis universe.
KVUE,1944048.0,CIK0001944048,Kenvue Inc.,Kenvue Inc.,NYSE,Consumer Defensive,Household & Personal Products,core_large_cap,include_legacy_core,12.0,20230331.0,20251231.0,Existing defended-thesis universe.
LIN,1707925.0,CIK0001707925,Linde plc,LINDE PLC,Nasdaq,Basic Materials,Specialty Chemicals,core_large_cap,include_legacy_core,32.0,20170930.0,20251231.0,Existing defended-thesis universe.
LLY,59478.0,CIK0000059478,Eli Lilly and Company,ELI LILLY & Co,NYSE,Healthcare,Drug Manufacturers - General,core_large_cap,include_legacy_core,43.0,20090630.0,20190930.0,Existing defended-thesis universe.
LMT,936468.0,CIK0000936468,Lockheed Martin Corporation,LOCKHEED MARTIN CORP,NYSE,Industrials,Aerospace & Defense,core_large_cap,include_legacy_core,68.0,20090630.0,20251231.0,Existing defended-thesis universe.
LOW,60667.0,CIK0000060667,"Lowe's Companies, Inc.",LOWES COMPANIES INC,NYSE,Consumer Cyclical,Home Improvement Retail,core_large_cap,include_legacy_core,67.0,20090731.0,20260131.0,Existing defended-thesis universe.
LRCX,707549.0,CIK0000707549,Lam Research Corporation,LAM RESEARCH CORP,Nasdaq,Technology,Semiconductor Equipment & Materials,core_large_cap,include_legacy_core,62.0,20100930.0,20251231.0,Existing defended-thesis universe.
LULU,1397187.0,CIK0001397187,lululemon athletica inc.,lululemon athletica inc.,Nasdaq,Consumer Cyclical,Apparel Retail,core_large_cap,include_legacy_core,62.0,20100731.0,20260131.0,Existing defended-thesis universe.
MA,1141391.0,CIK0001141391,Mastercard Incorporated,Mastercard Inc,NYSE,Financial Services,Credit Services,core_large_cap,include_legacy_core,67.0,20090630.0,20251231.0,Existing defended-thesis universe.
MAR,1048286.0,CIK0001048286,Marriott International,MARRIOTT INTERNATIONAL INC /MD/,Nasdaq,Consumer Cyclical,Lodging,core_large_cap,include_legacy_core,69.0,20090630.0,20251231.0,Existing defended-thesis universe.
MCD,63908.0,CIK0000063908,McDonald's Corporation,MCDONALDS CORP,NYSE,Consumer Cyclical,Restaurants,core_large_cap,include_legacy_core,67.0,20090630.0,20251231.0,Existing defended-thesis universe.
MCHP,827054.0,CIK0000827054,Microchip Technology Incorporat,MICROCHIP TECHNOLOGY INC,Nasdaq,Technology,Semiconductors,core_large_cap,include_legacy_core,68.0,20090630.0,20251231.0,Existing defended-thesis universe.
MCK,927653.0,CIK0000927653,McKesson Corporation,MCKESSON CORP,NYSE,Healthcare,Medical Distribution,core_large_cap,include_legacy_core,67.0,20090630.0,20251231.0,Existing defended-thesis universe.
MCO,1059556.0,CIK0001059556,Moody's Corporation,MOODYS CORP /DE/,NYSE,Financial Services,Financial Data & Stock Exchanges,core_large_cap,include_legacy_core,67.0,20090630.0,20251231.0,Existing defended-thesis universe.
MDB,1441816.0,CIK0001441816,MongoDB Inc.,"MongoDB, Inc.",Nasdaq,Technology,Database & File Management Software,core_large_cap,include_legacy_core,34.0,20171031.0,20260131.0,Existing defended-thesis universe.
MDLZ,1103982.0,CIK0001103982,"Mondelez International, Inc.","Mondelez International, Inc.",Nasdaq,Consumer Defensive,Confectioners,core_large_cap,include_legacy_core,54.0,20120930.0,20251231.0,Existing defended-thesis universe.
MDT,1613103.0,CIK0001613103,Medtronic plc.,Medtronic plc,NYSE,Healthcare,Medical Devices,core_large_cap,include_legacy_core,44.0,20150131.0,20260131.0,Existing defended-thesis universe.
MELI,1099590.0,CIK0001099590,MercadoLibre Inc.,MERCADOLIBRE INC,Nasdaq,Consumer Discretionary,Internet Retail,core_large_cap,include_legacy_core,64.0,20100630.0,20251231.0,Existing defended-thesis universe.
MET,1099219.0,CIK0001099219,"MetLife, Inc.",METLIFE INC,NYSE,Financial Services,Insurance - Life,core_large_cap,include_legacy_core,67.0,20090630.0,20251231.0,Existing defended-thesis universe.
META,1326801.0,CIK0001326801,"Meta Platforms, Inc.","Meta Platforms, Inc.",Nasdaq,Communication Services,Internet Content & Information,core_large_cap,include_legacy_core,38.0,20120630.0,20210930.0,Existing defended-thesis universe.
MMC,,MMC,"Marsh & McLennan Companies, Inc",,,Financial Services,Insurance Brokers,core_large_cap,include_legacy_core,,,,Existing defended-thesis universe.
MMM,66740.0,CIK0000066740,3M Company,3M CO,NYSE,Industrials,Conglomerates,core_large_cap,include_legacy_core,67.0,20090630.0,20251231.0,Existing defended-thesis universe.
MNST,865752.0,CIK0000865752,Monster Beverage Corporation,Monster Beverage Corp,Nasdaq,Consumer Defensive,Beverages - Non-Alcoholic,core_large_cap,include_legacy_core,57.0,20111231.0,20251231.0,Existing defended-thesis universe.
MO,764180.0,CIK0000764180,"Altria Group, Inc.","ALTRIA GROUP, INC.",NYSE,Consumer Defensive,Tobacco,core_large_cap,include_legacy_core,67.0,20090630.0,20251231.0,Existing defended-thesis universe.
MPC,1510295.0,CIK0001510295,Marathon Petroleum Corporation,Marathon Petroleum Corp,NYSE,Energy,Oil & Gas Refining & Marketing,core_large_cap,include_legacy_core,59.0,20110630.0,20251231.0,Existing defended-thesis universe.
MRK,310158.0,CIK0000310158,"Merck & Company, Inc.","Merck & Co., Inc.",NYSE,Healthcare,Drug Manufacturers - General,core_large_cap,include_legacy_core,45.0,20141231.0,20251231.0,Existing defended-thesis universe.
MRVL,1835632.0,CIK0001835632,Marvell Technology Inc.,"Marvell Technology, Inc.",Nasdaq,Technology,Semiconductors,core_large_cap,include_legacy_core,20.0,20210430.0,20260131.0,Existing defended-thesis universe.
MS,895421.0,CIK0000895421,Morgan Stanley,MORGAN STANLEY,NYSE,Financial Services,Capital Markets,core_large_cap,include_legacy_core,67.0,20090630.0,20251231.0,Existing defended-thesis universe.
MSCI,1408198.0,CIK0001408198,MSCI Inc.,MSCI Inc.,NYSE,Financial Services,Financial Data & Stock Exchanges,core_large_cap,include_legacy_core,63.0,20100831.0,20251231.0,Existing defended-thesis universe.
MSFT,789019.0,CIK0000789019,Microsoft Corporation,MICROSOFT CORP,Nasdaq,Technology,Software - Infrastructure,core_large_cap,include_legacy_core,66.0,20090930.0,20251231.0,Existing defended-thesis universe.
MSI,68505.0,CIK0000068505,"Motorola Solutions, Inc.","Motorola Solutions, Inc.",NYSE,Technology,Communication Equipment,core_large_cap,include_legacy_core,63.0,20101231.0,20251231.0,Existing defended-thesis universe.
MSTR,1050446.0,CIK0001050446,MicroStrategy Incorporated,Strategy Inc,Nasdaq,Technology,Software - Application,core_large_cap,include_legacy_core,57.0,20110630.0,20250630.0,Existing defended-thesis universe.
MU,723125.0,CIK0000723125,"Micron Technology, Inc.",MICRON TECHNOLOGY INC,Nasdaq,Technology,Semiconductors,core_large_cap,include_legacy_core,63.0,20091130.0,20260228.0,Existing defended-thesis universe.
NDAQ,1120193.0,CIK0001120193,"Nasdaq, Inc.","NASDAQ, INC.",Nasdaq,Financial Services,Financial Data & Stock Exchanges,core_large_cap,include_legacy_core,42.0,20150930.0,20251231.0,Existing defended-thesis universe.
NEE,753308.0,CIK0000753308,"NextEra Energy, Inc.",NEXTERA ENERGY INC,NYSE,Utilities,Utilities - Regulated Electric,core_large_cap,include_legacy_core,62.0,20100630.0,20251231.0,Existing defended-thesis universe.
NEM,1164727.0,CIK0001164727,Newmont Corporation,NEWMONT Corp /DE/,NYSE,Basic Materials,Gold,core_large_cap,include_legacy_core,39.0,20090630.0,20181231.0,Existing defended-thesis universe.
NFLX,1065280.0,CIK0001065280,"Netflix, Inc.",NETFLIX INC,Nasdaq,Communication Services,Entertainment,core_large_cap,include_legacy_core,69.0,20090630.0,20251231.0,Existing defended-thesis universe.
NKE,320187.0,CIK0000320187,"Nike, Inc.","NIKE, Inc.",NYSE,Consumer Cyclical,Footwear & Accessories,core_large_cap,include_legacy_core,40.0,20090831.0,20190531.0,Existing defended-thesis universe.
NOC,1133421.0,CIK0001133421,Northrop Grumman Corporation,NORTHROP GRUMMAN CORP /DE/,NYSE,Industrials,Aerospace & Defense,core_large_cap,include_legacy_core,67.0,20090630.0,20251231.0,Existing defended-thesis universe.
NOW,1373715.0,CIK0001373715,"ServiceNow, Inc.","ServiceNow, Inc.",NYSE,Technology,Software - Application,core_large_cap,include_legacy_core,55.0,20120630.0,20251231.0,Existing defended-thesis universe.
NSC,702165.0,CIK0000702165,Norfolk Southern Corporation,NORFOLK SOUTHERN CORP,NYSE,Industrials,Railroads,core_large_cap,include_legacy_core,66.0,20090930.0,20251231.0,Existing defended-thesis universe.
NVDA,1045810.0,CIK0001045810,NVIDIA Corporation,NVIDIA CORP,Nasdaq,Technology,Semiconductors,core_large_cap,include_legacy_core,67.0,20090731.0,20260131.0,Existing defended-thesis universe.
NXPI,1413447.0,CIK0001413447,NXP Semiconductors N.V.,NXP Semiconductors N.V.,Nasdaq,Technology,Semiconductors,core_large_cap,include_legacy_core,26.0,20190930.0,20251231.0,Existing defended-thesis universe.
O,726728.0,CIK0000726728,Realty Income Corporation,REALTY INCOME CORP,NYSE,Real Estate,REIT - Retail,core_large_cap,include_legacy_core,64.0,20100630.0,20251231.0,Existing defended-thesis universe.
ODFL,878927.0,CIK0000878927,"Old Dominion Freight Line, Inc.","OLD DOMINION FREIGHT LINE, INC.",Nasdaq,Industrials,Trucking,core_large_cap,include_legacy_core,37.0,20100630.0,20190630.0,Existing defended-thesis universe.
OKE,1039684.0,CIK0001039684,"ONEOK, Inc.",ONEOK INC /NEW/,NYSE,Energy,Oil & Gas Midstream,core_large_cap,include_legacy_core,68.0,20090630.0,20251231.0,Existing defended-thesis universe.
ON,1097864.0,CIK0001097864,ON Semiconductor Corporation,ON SEMICONDUCTOR CORP,Nasdaq,Technology,Semiconductors,core_large_cap,include_legacy_core,63.0,20100630.0,20251231.0,Existing defended-thesis universe.
ORCL,1341439.0,CIK0001341439,Oracle Corporation,ORACLE CORP,NYSE,Technology,Software - Infrastructure,core_large_cap,include_legacy_core,66.0,20090831.0,20260228.0,Existing defended-thesis universe.
ORLY,898173.0,CIK0000898173,"O'Reilly Automotive, Inc.",O REILLY AUTOMOTIVE INC,Nasdaq,Consumer Cyclical,Specialty Retail,core_large_cap,include_legacy_core,66.0,20100331.0,20251231.0,Existing defended-thesis universe.
OXY,797468.0,CIK0000797468,Occidental Petroleum Corporatio,OCCIDENTAL PETROLEUM CORP /DE/,NYSE,Energy,Oil & Gas E&P,core_large_cap,include_legacy_core,67.0,20090630.0,20251231.0,Existing defended-thesis universe.
PANW,1327567.0,CIK0001327567,"Palo Alto Networks, Inc.",Palo Alto Networks Inc,Nasdaq,Technology,Software - Infrastructure,core_large_cap,include_legacy_core,54.0,20121031.0,20260131.0,Existing defended-thesis universe.
PAYX,723531.0,CIK0000723531,"Paychex, Inc.",PAYCHEX INC,Nasdaq,Technology,Software - Application,core_large_cap,include_legacy_core,67.0,20090831.0,20260228.0,Existing defended-thesis universe.
PCAR,75362.0,CIK0000075362,PACCAR Inc.,PACCAR INC,Nasdaq,Industrials,Farm & Heavy Construction Machinery,core_large_cap,include_legacy_core,67.0,20090630.0,20251231.0,Existing defended-thesis universe.
PCG,1004980.0,CIK0001004980,Pacific Gas & Electric Co.,PG&E Corp,NYSE,Utilities,Utilities - Regulated Electric,core_large_cap,include_legacy_core,67.0,20090630.0,20251231.0,Existing defended-thesis universe.
PEG,788784.0,CIK0000788784,Public Service Enterprise Group,PUBLIC SERVICE ENTERPRISE GROUP INC,NYSE,Utilities,Utilities - Regulated Electric,core_large_cap,include_legacy_core,66.0,20090630.0,20251231.0,Existing defended-thesis universe.
PEP,77476.0,CIK0000077476,"Pepsico, Inc.",PEPSICO INC,Nasdaq,Consumer Defensive,Beverages - Non-Alcoholic,core_large_cap,include_legacy_core,66.0,20090831.0,20251231.0,Existing defended-thesis universe.
PFE,78003.0,CIK0000078003,"Pfizer, Inc.",PFIZER INC,NYSE,Healthcare,Drug Manufacturers - General,core_large_cap,include_legacy_core,67.0,20090630.0,20251231.0,Existing defended-thesis universe.
PG,80424.0,CIK0000080424,Procter & Gamble Company (The),PROCTER & GAMBLE Co,NYSE,Consumer Defensive,Household & Personal Products,core_large_cap,include_legacy_core,67.0,20090930.0,20251231.0,Existing defended-thesis universe.
PGR,80661.0,CIK0000080661,Progressive Corporation (The),PROGRESSIVE CORP/OH/,NYSE,Financial Services,Insurance - Property & Casualty,core_large_cap,include_legacy_core,67.0,20090630.0,20251231.0,Existing defended-thesis universe.
PH,76334.0,CIK0000076334,Parker-Hannifin Corporation,Parker-Hannifin Corp,NYSE,Industrials,Specialty Industrial Machinery,core_large_cap,include_legacy_core,61.0,20090930.0,20240930.0,Existing defended-thesis universe.
PLD,1045609.0,CIK0001045609,"Prologis, Inc.","Prologis, Inc.",NYSE,Real Estate,REIT - Industrial,core_large_cap,include_legacy_core,59.0,20110630.0,20251231.0,Existing defended-thesis universe.
PLTR,1321655.0,CIK0001321655,Palantir Technologies Inc.,Palantir Technologies Inc.,Nasdaq,Technology,Software - Infrastructure,core_large_cap,include_legacy_core,22.0,20200930.0,20251231.0,Existing defended-thesis universe.
PM,1413329.0,CIK0001413329,Philip Morris International Inc,Philip Morris International Inc.,NYSE,Consumer Defensive,Tobacco,core_large_cap,include_legacy_core,67.0,20090630.0,20251231.0,Existing defended-thesis universe.
PNC,713676.0,CIK0000713676,"PNC Financial Services Group, I","PNC FINANCIAL SERVICES GROUP, INC.",NYSE,Financial Services,Banks - Regional,core_large_cap,include_legacy_core,57.0,20111231.0,20251231.0,Existing defended-thesis universe.
PRU,1137774.0,CIK0001137774,"Prudential Financial, Inc.",PRUDENTIAL FINANCIAL INC,NYSE,Financial Services,Insurance - Life,core_large_cap,include_legacy_core,67.0,20090630.0,20251231.0,Existing defended-thesis universe.
PSA,1393311.0,CIK0001393311,Public Storage,Public Storage,NYSE,Real Estate,REIT - Industrial,core_large_cap,include_legacy_core,67.0,20090630.0,20251231.0,Existing defended-thesis universe.
PSX,1534701.0,CIK0001534701,Phillips 66,Phillips 66,NYSE,Energy,Oil & Gas Refining & Marketing,core_large_cap,include_legacy_core,56.0,20120331.0,20251231.0,Existing defended-thesis universe.
PWR,1050915.0,CIK0001050915,"Quanta Services, Inc.","QUANTA SERVICES, INC.",NYSE,Industrials,Engineering & Construction,core_large_cap,include_legacy_core,40.0,20090630.0,20190331.0,Existing defended-thesis universe.
PYPL,1633917.0,CIK0001633917,"PayPal Holdings, Inc.","PayPal Holdings, Inc.",Nasdaq,Financial Services,Credit Services,core_large_cap,include_legacy_core,43.0,20150630.0,20251231.0,Existing defended-thesis universe.
QCOM,804328.0,CIK0000804328,QUALCOMM Incorporated,QUALCOMM INC/DE,Nasdaq,Technology,Semiconductors,core_large_cap,include_legacy_core,68.0,20090630.0,20251231.0,Existing defended-thesis universe.
RCL,884887.0,CIK0000884887,Royal Caribbean Cruises Ltd.,ROYAL CARIBBEAN CRUISES LTD,NYSE,Consumer Cyclical,Travel Services,core_large_cap,include_legacy_core,64.0,20100331.0,20251231.0,Existing defended-thesis universe.
REGN,872589.0,CIK0000872589,"Regeneron Pharmaceuticals, Inc.","REGENERON PHARMACEUTICALS, INC.",Nasdaq,Healthcare,Biotechnology,core_large_cap,include_legacy_core,36.0,20100630.0,20190331.0,Existing defended-thesis universe.
ROP,882835.0,CIK0000882835,"Roper Technologies, Inc.",ROPER TECHNOLOGIES INC,Nasdaq,Technology,Software - Application,core_large_cap,include_legacy_core,44.0,20150331.0,20251231.0,Existing defended-thesis universe.
ROST,745732.0,CIK0000745732,"Ross Stores, Inc.","ROSS STORES, INC.",Nasdaq,Consumer Cyclical,Apparel Retail,core_large_cap,include_legacy_core,38.0,20100430.0,20190430.0,Existing defended-thesis universe.
RSG,1060391.0,CIK0001060391,"Republic Services, Inc.","REPUBLIC SERVICES, INC.",NYSE,Industrials,Waste Management,core_large_cap,include_legacy_core,67.0,20090630.0,20251231.0,Existing defended-thesis universe.
RTX,101829.0,CIK0000101829,RTX Corporation,RTX Corp,NYSE,Industrials,Aerospace & Defense,core_large_cap,include_legacy_core,43.0,20090630.0,20191231.0,Existing defended-thesis universe.
SBUX,829224.0,CIK0000829224,Starbucks Corporation,STARBUCKS CORP,Nasdaq,Consumer Cyclical,Restaurants,core_large_cap,include_legacy_core,67.0,20090630.0,20251231.0,Existing defended-thesis universe.
SCHW,316709.0,CIK0000316709,Charles Schwab Corporation (The,SCHWAB CHARLES CORP,NYSE,Financial Services,Capital Markets,core_large_cap,include_legacy_core,67.0,20090630.0,20251231.0,Existing defended-thesis universe.
SHW,89800.0,CIK0000089800,Sherwin-Williams Company (The),SHERWIN WILLIAMS CO,NYSE,Basic Materials,Specialty Chemicals,core_large_cap,include_legacy_core,67.0,20090630.0,20251231.0,Existing defended-thesis universe.
SLB,87347.0,CIK0000087347,Schlumberger N.V.,SLB LIMITED/NV,NYSE,Energy,Oil & Gas Equipment & Services,core_large_cap,include_legacy_core,36.0,20160930.0,20250630.0,Existing defended-thesis universe.
SNPS,883241.0,CIK0000883241,"Synopsys, Inc.",SYNOPSYS INC,Nasdaq,Technology,Software - Infrastructure,core_large_cap,include_legacy_core,65.0,20100731.0,20260131.0,Existing defended-thesis universe.
SO,92122.0,CIK0000092122,Southern Company (The),SOUTHERN CO,NYSE,Utilities,Utilities - Regulated Electric,core_large_cap,include_legacy_core,67.0,20090630.0,20251231.0,Existing defended-thesis universe.
SPG,1063761.0,CIK0001063761,"Simon Property Group, Inc.",SIMON PROPERTY GROUP INC.,NYSE,Real Estate,REIT - Retail,core_large_cap,include_legacy_core,68.0,20090630.0,20250630.0,Existing defended-thesis universe.
SPGI,64040.0,CIK0000064040,S&P Global Inc.,S&P Global Inc.,NYSE,Financial Services,Financial Data & Stock Exchanges,core_large_cap,include_legacy_core,39.0,20160630.0,20251231.0,Existing defended-thesis universe.
SRE,1032208.0,CIK0001032208,DBA Sempra,SEMPRA,NYSE,Utilities,Utilities - Diversified,core_large_cap,include_legacy_core,56.0,20090630.0,20230331.0,Existing defended-thesis universe.
SYK,310764.0,CIK0000310764,Stryker Corporation,STRYKER CORP,NYSE,Healthcare,Medical Devices,core_large_cap,include_legacy_core,67.0,20090630.0,20251231.0,Existing defended-thesis universe.
T,732717.0,CIK0000732717,AT&T Inc.,AT&T INC.,NYSE,Communication Services,Telecom Services,core_large_cap,include_legacy_core,69.0,20090630.0,20251231.0,Existing defended-thesis universe.
TDG,1260221.0,CIK0001260221,Transdigm Group Incorporated,TransDigm Group INC,NYSE,Industrials,Aerospace & Defense,core_large_cap,include_legacy_core,63.0,20100630.0,20251231.0,Existing defended-thesis universe.
TEAM,1650372.0,CIK0001650372,Atlassian Corporation,Atlassian Corp,Nasdaq,Technology,Software - Application,core_large_cap,include_legacy_core,14.0,20220930.0,20251231.0,Existing defended-thesis universe.
TEL,1385157.0,CIK0001385157,TE Connectivity plc,TE Connectivity plc,NYSE,Technology,Electronic Components,core_large_cap,include_legacy_core,54.0,20110331.0,20240630.0,Existing defended-thesis universe.
TFC,92230.0,CIK0000092230,Truist Financial Corporation,TRUIST FINANCIAL CORP,NYSE,Financial Services,Banks - Regional,core_large_cap,include_legacy_core,42.0,20090630.0,20190930.0,Existing defended-thesis universe.
TGT,27419.0,CIK0000027419,Target Corporation,TARGET CORP,NYSE,Consumer Defensive,Discount Stores,core_large_cap,include_legacy_core,68.0,20090731.0,20260131.0,Existing defended-thesis universe.
TJX,109198.0,CIK0000109198,"TJX Companies, Inc. (The)",TJX COMPANIES INC /DE/,NYSE,Consumer Cyclical,Apparel Retail,core_large_cap,include_legacy_core,67.0,20090731.0,20260131.0,Existing defended-thesis universe.
TMO,97745.0,CIK0000097745,Thermo Fisher Scientific Inc,THERMO FISHER SCIENTIFIC INC.,NYSE,Healthcare,Diagnostics & Research,core_large_cap,include_legacy_core,67.0,20090630.0,20251231.0,Existing defended-thesis universe.
TMUS,1283699.0,CIK0001283699,"T-Mobile US, Inc.","T-Mobile US, Inc.",Nasdaq,Communication Services,Telecom Services,core_large_cap,include_legacy_core,51.0,20130630.0,20251231.0,Existing defended-thesis universe.
TRV,86312.0,CIK0000086312,"The Travelers Companies, Inc.","TRAVELERS COMPANIES, INC.",NYSE,Financial Services,Insurance - Property & Casualty,core_large_cap,include_legacy_core,67.0,20090630.0,20251231.0,Existing defended-thesis universe.
TSLA,1318605.0,CIK0001318605,"Tesla, Inc.","Tesla, Inc.",Nasdaq,Consumer Cyclical,Auto Manufacturers,core_large_cap,include_legacy_core,37.0,20161231.0,20251231.0,Existing defended-thesis universe.
TT,1466258.0,CIK0001466258,Trane Technologies plc,Trane Technologies plc,NYSE,Industrials,Building Products & Equipment,core_large_cap,include_legacy_core,43.0,20090630.0,20191231.0,Existing defended-thesis universe.
TTD,1671933.0,CIK0001671933,The Trade Desk Inc.,"Trade Desk, Inc.",Nasdaq,Technology,Media & Information Services,core_large_cap,include_legacy_core,38.0,20160930.0,20251231.0,Existing defended-thesis universe.
TTWO,946581.0,CIK0000946581,"Take-Two Interactive Software, ",TAKE TWO INTERACTIVE SOFTWARE INC,Nasdaq,Communication Services,Electronic Gaming & Multimedia,core_large_cap,include_legacy_core,62.0,20100731.0,20251231.0,Existing defended-thesis universe.
TXN,97476.0,CIK0000097476,Texas Instruments Incorporated,TEXAS INSTRUMENTS INC,Nasdaq,Technology,Semiconductors,core_large_cap,include_legacy_core,67.0,20090630.0,20251231.0,Existing defended-thesis universe.
UBER,1543151.0,CIK0001543151,"Uber Technologies, Inc.","Uber Technologies, Inc",NYSE,Technology,Software - Application,core_large_cap,include_legacy_core,28.0,20190331.0,20251231.0,Existing defended-thesis universe.
UNH,731766.0,CIK0000731766,UnitedHealth Group Incorporated,UNITEDHEALTH GROUP INC,NYSE,Healthcare,Healthcare Plans,core_large_cap,include_legacy_core,67.0,20090630.0,20251231.0,Existing defended-thesis universe.
UNP,100885.0,CIK0000100885,Union Pacific Corporation,UNION PACIFIC CORP,NYSE,Industrials,Railroads,core_large_cap,include_legacy_core,67.0,20090630.0,20251231.0,Existing defended-thesis universe.
UPS,1090727.0,CIK0001090727,"United Parcel Service, Inc.",UNITED PARCEL SERVICE INC,NYSE,Industrials,Integrated Freight & Logistics,core_large_cap,include_legacy_core,67.0,20090630.0,20251231.0,Existing defended-thesis universe.
URI,1067701.0,CIK0001067701,"United Rentals, Inc.","UNITED RENTALS, INC.",NYSE,Industrials,Rental & Leasing Services,core_large_cap,include_legacy_core,32.0,20110630.0,20190331.0,Existing defended-thesis universe.
USB,36104.0,CIK0000036104,U.S. Bancorp,US BANCORP DE,NYSE,Financial Services,Banks - Regional,core_large_cap,include_legacy_core,45.0,20130331.0,20251231.0,Existing defended-thesis universe.
V,1403161.0,CIK0001403161,Visa Inc.,VISA INC.,NYSE,Financial Services,Credit Services,core_large_cap,include_legacy_core,67.0,20090630.0,20251231.0,Existing defended-thesis universe.
VRSK,1442145.0,CIK0001442145,"Verisk Analytics, Inc.","Verisk Analytics, Inc.",Nasdaq,Industrials,Consulting Services,core_large_cap,include_legacy_core,60.0,20110331.0,20251231.0,Existing defended-thesis universe.
VRTX,875320.0,CIK0000875320,Vertex Pharmaceuticals Incorpor,VERTEX PHARMACEUTICALS INC / MA,Nasdaq,Healthcare,Biotechnology,core_large_cap,include_legacy_core,64.0,20100331.0,20251231.0,Existing defended-thesis universe.
VST,1692819.0,CIK0001692819,Vistra Corp.,Vistra Corp.,NYSE,Utilities,Utilities - Independent Power Producers,core_large_cap,include_legacy_core,23.0,20200630.0,20251231.0,Existing defended-thesis universe.
VZ,732712.0,CIK0000732712,Verizon Communications Inc.,VERIZON COMMUNICATIONS INC,NYSE,Communication Services,Telecom Services,core_large_cap,include_legacy_core,67.0,20090630.0,20251231.0,Existing defended-thesis universe.
WBD,1437107.0,CIK0001437107,"Warner Bros. Discovery, Inc. - ","Warner Bros. Discovery, Inc.",Nasdaq,Communication Services,Entertainment,core_large_cap,include_legacy_core,36.0,20090630.0,20171231.0,Existing defended-thesis universe.
WDAY,1327811.0,CIK0001327811,Workday Inc.,"Workday, Inc.",Nasdaq,Technology,Software - Application,core_large_cap,include_legacy_core,53.0,20121031.0,20260131.0,Existing defended-thesis universe.
WELL,766704.0,CIK0000766704,Welltower Inc.,WELLTOWER INC.,NYSE,Real Estate,REIT - Healthcare Facilities,core_large_cap,include_legacy_core,42.0,20150930.0,20251231.0,Existing defended-thesis universe.
WFC,72971.0,CIK0000072971,Wells Fargo & Company,WELLS FARGO & COMPANY/MN,NYSE,Financial Services,Banks - Diversified,core_large_cap,include_legacy_core,56.0,20120331.0,20251231.0,Existing defended-thesis universe.
WM,823768.0,CIK0000823768,"Waste Management, Inc.",WASTE MANAGEMENT INC,NYSE,Industrials,Waste Management,core_large_cap,include_legacy_core,67.0,20090630.0,20251231.0,Existing defended-thesis universe.
WMB,107263.0,CIK0000107263,"Williams Companies, Inc. (The)","WILLIAMS COMPANIES, INC.",NYSE,Energy,Oil & Gas Midstream,core_large_cap,include_legacy_core,42.0,20090630.0,20190331.0,Existing defended-thesis universe.
WMT,104169.0,CIK0000104169,Walmart Inc.,Walmart Inc.,Nasdaq,Consumer Defensive,Discount Stores,core_large_cap,include_legacy_core,35.0,20090731.0,20171031.0,Existing defended-thesis universe.
XEL,72903.0,CIK0000072903,Xcel Energy Inc.,XCEL ENERGY INC,Nasdaq,Utilities,Utilities - Regulated Electric,core_large_cap,include_legacy_core,67.0,20090630.0,20251231.0,Existing defended-thesis universe.
XOM,34088.0,CIK0000034088,Exxon Mobil Corporation,EXXON MOBIL CORP,NYSE,Energy,Oil & Gas Integrated,core_large_cap,include_legacy_core,68.0,20090630.0,20251231.0,Existing defended-thesis universe.
ZS,1713683.0,CIK0001713683,Zscaler Inc.,"Zscaler, Inc.",Nasdaq,Technology,Internet Security,core_large_cap,include_legacy_core,32.0,20180430.0,20260131.0,Existing defended-thesis universe.
ZTS,1555280.0,CIK0001555280,Zoetis Inc.,Zoetis Inc.,NYSE,Healthcare,Drug Manufacturers - Specialty & Generic,core_large_cap,include_legacy_core,52.0,20130331.0,20251231.0,Existing defended-thesis universe.
STZ,16918.0,CIK0000016918,,"CONSTELLATION BRANDS, INC.",NYSE,,,additional_controls,include_if_num_tags_parse,62.0,20100831.0,20251130.0,Existing extra ticker list; use as matched non-distressed controls if SEC coverage is sufficient.
GLW,24741.0,CIK0000024741,,CORNING INC /NY,NYSE,,,additional_controls,include_if_num_tags_parse,67.0,20090630.0,20251231.0,Existing extra ticker list; use as matched non-distressed controls if SEC coverage is sufficient.
LHX,202058.0,CIK0000202058,,"L3HARRIS TECHNOLOGIES, INC. /DE/",NYSE,,,additional_controls,include_if_num_tags_parse,38.0,20090930.0,20190331.0,Existing extra ticker list; use as matched non-distressed controls if SEC coverage is sufficient.
GRMN,1121788.0,CIK0001121788,,GARMIN LTD,NYSE,,,additional_controls,include_if_num_tags_parse,68.0,20090630.0,20251231.0,Existing extra ticker list; use as matched non-distressed controls if SEC coverage is sufficient.
CBRE,1138118.0,CIK0001138118,,"CBRE GROUP, INC.",NYSE,,,additional_controls,include_if_num_tags_parse,58.0,20110930.0,20251231.0,Existing extra ticker list; use as matched non-distressed controls if SEC coverage is sufficient.
CTVA,1755672.0,CIK0001755672,,"Corteva, Inc.",NYSE,,,additional_controls,include_if_num_tags_parse,28.0,20190331.0,20251231.0,Existing extra ticker list; use as matched non-distressed controls if SEC coverage is sufficient.
HES,4447.0,CIK0000004447,,HESS CORP,NYSE,,,additional_controls,include_if_num_tags_parse,64.0,20090630.0,20250331.0,Existing extra ticker list; use as matched non-distressed controls if SEC coverage is sufficient.
CCI,1051470.0,CIK0001051470,,CROWN CASTLE INC.,NYSE,,,additional_controls,include_if_num_tags_parse,52.0,20090630.0,20220331.0,Existing extra ticker list; use as matched non-distressed controls if SEC coverage is sufficient.
DAL,27904.0,CIK0000027904,,"DELTA AIR LINES, INC.",NYSE,,,additional_controls,include_if_num_tags_parse,61.0,20100630.0,20251231.0,Existing extra ticker list; use as matched non-distressed controls if SEC coverage is sufficient.
F,37996.0,CIK0000037996,,FORD MOTOR CO,NYSE,,,additional_controls,include_if_num_tags_parse,67.0,20090630.0,20251231.0,Existing extra ticker list; use as matched non-distressed controls if SEC coverage is sufficient.
TRGP,1389170.0,CIK0001389170,,Targa Resources Corp.,NYSE,,,additional_controls,include_if_num_tags_parse,59.0,20110630.0,20251231.0,Existing extra ticker list; use as matched non-distressed controls if SEC coverage is sufficient.
A,1090872.0,CIK0001090872,,"AGILENT TECHNOLOGIES, INC.",NYSE,,,additional_controls,include_if_num_tags_parse,40.0,20090731.0,20190731.0,Existing extra ticker list; use as matched non-distressed controls if SEC coverage is sufficient.
IT,749251.0,CIK0000749251,,GARTNER INC,NYSE,,,additional_controls,include_if_num_tags_parse,63.0,20100630.0,20251231.0,Existing extra ticker list; use as matched non-distressed controls if SEC coverage is sufficient.
LVS,1300514.0,CIK0001300514,,LAS VEGAS SANDS CORP,NYSE,,,additional_controls,include_if_num_tags_parse,63.0,20100630.0,20251231.0,Existing extra ticker list; use as matched non-distressed controls if SEC coverage is sufficient.
SYY,96021.0,CIK0000096021,,SYSCO CORP,NYSE,,,additional_controls,include_if_num_tags_parse,65.0,20090930.0,20251231.0,Existing extra ticker list; use as matched non-distressed controls if SEC coverage is sufficient.
VLO,1035002.0,CIK0001035002,,VALERO ENERGY CORP/TX,NYSE,,,additional_controls,include_if_num_tags_parse,67.0,20090630.0,20251231.0,Existing extra ticker list; use as matched non-distressed controls if SEC coverage is sufficient.
OTIS,1781335.0,CIK0001781335,,Otis Worldwide Corp,NYSE,,,additional_controls,include_if_num_tags_parse,24.0,20200331.0,20251231.0,Existing extra ticker list; use as matched non-distressed controls if SEC coverage is sufficient.
LEN,920760.0,CIK0000920760,,LENNAR CORP /NEW/,NYSE,,,additional_controls,include_if_num_tags_parse,64.0,20100831.0,20251130.0,Existing extra ticker list; use as matched non-distressed controls if SEC coverage is sufficient.
IR,1699150.0,CIK0001699150,,Ingersoll Rand Inc.,NYSE,,,additional_controls,include_if_num_tags_parse,24.0,20200331.0,20251231.0,Existing extra ticker list; use as matched non-distressed controls if SEC coverage is sufficient.
YUM,1041061.0,CIK0001041061,,YUM BRANDS INC,NYSE,,,additional_controls,include_if_num_tags_parse,66.0,20090831.0,20251231.0,Existing extra ticker list; use as matched non-distressed controls if SEC coverage is sufficient.
IQV,1478242.0,CIK0001478242,,IQVIA HOLDINGS INC.,NYSE,,,additional_controls,include_if_num_tags_parse,33.0,20171231.0,20251231.0,Existing extra ticker list; use as matched non-distressed controls if SEC coverage is sufficient.
GIS,40704.0,CIK0000040704,,GENERAL MILLS INC,NYSE,,,additional_controls,include_if_num_tags_parse,66.0,20090831.0,20260228.0,Existing extra ticker list; use as matched non-distressed controls if SEC coverage is sufficient.
CCL,815097.0,CIK0000815097,,CARNIVAL CORP,NYSE,,,additional_controls,include_if_num_tags_parse,67.0,20090831.0,20260228.0,Existing extra ticker list; use as matched non-distressed controls if SEC coverage is sufficient.
RMD,943819.0,CIK0000943819,,RESMED INC,NYSE,,,additional_controls,include_if_num_tags_parse,62.0,20100930.0,20251231.0,Existing extra ticker list; use as matched non-distressed controls if SEC coverage is sufficient.
VMC,1396009.0,CIK0001396009,,Vulcan Materials CO,NYSE,,,additional_controls,include_if_num_tags_parse,67.0,20090630.0,20251231.0,Existing extra ticker list; use as matched non-distressed controls if SEC coverage is sufficient.
HSY,47111.0,CIK0000047111,,HERSHEY CO,NYSE,,,additional_controls,include_if_num_tags_parse,67.0,20090630.0,20251231.0,Existing extra ticker list; use as matched non-distressed controls if SEC coverage is sufficient.
ACGL,947484.0,CIK0000947484,,ARCH CAPITAL GROUP LTD.,Nasdaq,,,additional_controls,include_if_num_tags_parse,64.0,20100630.0,20251231.0,Existing extra ticker list; use as matched non-distressed controls if SEC coverage is sufficient.
WAB,943452.0,CIK0000943452,,WESTINGHOUSE AIR BRAKE TECHNOLOGIES CORP,NYSE,,,additional_controls,include_if_num_tags_parse,63.0,20100630.0,20251231.0,Existing extra ticker list; use as matched non-distressed controls if SEC coverage is sufficient.
ROK,1024478.0,CIK0001024478,,"ROCKWELL AUTOMATION, INC",NYSE,,,additional_controls,include_if_num_tags_parse,40.0,20090630.0,20190331.0,Existing extra ticker list; use as matched non-distressed controls if SEC coverage is sufficient.
MLM,916076.0,CIK0000916076,,MARTIN MARIETTA MATERIALS INC,NYSE,,,additional_controls,include_if_num_tags_parse,63.0,20100630.0,20251231.0,Existing extra ticker list; use as matched non-distressed controls if SEC coverage is sufficient.
EXR,1289490.0,CIK0001289490,,Extra Space Storage Inc.,NYSE,,,additional_controls,include_if_num_tags_parse,63.0,20100630.0,20251231.0,Existing extra ticker list; use as matched non-distressed controls if SEC coverage is sufficient.
DD,1666700.0,CIK0001666700,,"DuPont de Nemours, Inc.",NYSE,,,additional_controls,include_if_num_tags_parse,27.0,20190630.0,20251231.0,Existing extra ticker list; use as matched non-distressed controls if SEC coverage is sufficient.
ETR,65984.0,CIK0000065984,,ENTERGY CORP /DE/,NYSE,,,additional_controls,include_if_num_tags_parse,67.0,20090630.0,20251231.0,Existing extra ticker list; use as matched non-distressed controls if SEC coverage is sufficient.
DECK,910521.0,CIK0000910521,,DECKERS OUTDOOR CORP,NYSE,,,additional_controls,include_if_num_tags_parse,62.0,20100630.0,20251231.0,Existing extra ticker list; use as matched non-distressed controls if SEC coverage is sufficient.
EFX,33185.0,CIK0000033185,,EQUIFAX INC,NYSE,,,additional_controls,include_if_num_tags_parse,64.0,20100331.0,20251231.0,Existing extra ticker list; use as matched non-distressed controls if SEC coverage is sufficient.
UAL,100517.0,CIK0000100517,,"United Airlines Holdings, Inc.",Nasdaq,,,additional_controls,include_if_num_tags_parse,35.0,20100930.0,20190331.0,Existing extra ticker list; use as matched non-distressed controls if SEC coverage is sufficient.
WTW,1140536.0,CIK0001140536,,WILLIS TOWERS WATSON PLC,Nasdaq,,,additional_controls,include_if_num_tags_parse,42.0,20151231.0,20251231.0,Existing extra ticker list; use as matched non-distressed controls if SEC coverage is sufficient.
HIG,874766.0,CIK0000874766,,"HARTFORD INSURANCE GROUP, INC.",NYSE,,,additional_controls,include_if_num_tags_parse,41.0,20090630.0,20190331.0,Existing extra ticker list; use as matched non-distressed controls if SEC coverage is sufficient.
RJF,720005.0,CIK0000720005,,RAYMOND JAMES FINANCIAL INC,NYSE,,,additional_controls,include_if_num_tags_parse,64.0,20100630.0,20251231.0,Existing extra ticker list; use as matched non-distressed controls if SEC coverage is sufficient.
AVB,915912.0,CIK0000915912,,AVALONBAY COMMUNITIES INC,NYSE,,,additional_controls,include_if_num_tags_parse,67.0,20090630.0,20251231.0,Existing extra ticker list; use as matched non-distressed controls if SEC coverage is sufficient.
MTB,36270.0,CIK0000036270,,M&T BANK CORP,NYSE,,,additional_controls,include_if_num_tags_parse,69.0,20090630.0,20251231.0,Existing extra ticker list; use as matched non-distressed controls if SEC coverage is sufficient.
ED,1047862.0,CIK0001047862,,CONSOLIDATED EDISON INC,NYSE,,,additional_controls,include_if_num_tags_parse,66.0,20090930.0,20251231.0,Existing extra ticker list; use as matched non-distressed controls if SEC coverage is sufficient.
EBAY,1065088.0,CIK0001065088,,EBAY INC,Nasdaq,,,additional_controls,include_if_num_tags_parse,68.0,20090630.0,20251231.0,Existing extra ticker list; use as matched non-distressed controls if SEC coverage is sufficient.
HPQ,47217.0,CIK0000047217,,HP INC,NYSE,,,additional_controls,include_if_num_tags_parse,42.0,20151031.0,20260131.0,Existing extra ticker list; use as matched non-distressed controls if SEC coverage is sufficient.
IRM,1020569.0,CIK0001020569,,IRON MOUNTAIN INC,NYSE,,,additional_controls,include_if_num_tags_parse,64.0,20100331.0,20251231.0,Existing extra ticker list; use as matched non-distressed controls if SEC coverage is sufficient.
EIX,827052.0,CIK0000827052,,EDISON INTERNATIONAL,NYSE,,,additional_controls,include_if_num_tags_parse,68.0,20090630.0,20251231.0,Existing extra ticker list; use as matched non-distressed controls if SEC coverage is sufficient.
LYV,1335258.0,CIK0001335258,,"Live Nation Entertainment, Inc.",NYSE,,,additional_controls,include_if_num_tags_parse,60.0,20110331.0,20251231.0,Existing extra ticker list; use as matched non-distressed controls if SEC coverage is sufficient.
VICI,1705696.0,CIK0001705696,,VICI PROPERTIES INC.,NYSE,,,additional_controls,include_if_num_tags_parse,34.0,20170930.0,20251231.0,Existing extra ticker list; use as matched non-distressed controls if SEC coverage is sufficient.
CNC,1071739.0,CIK0001071739,,CENTENE CORP,NYSE,,,additional_controls,include_if_num_tags_parse,63.0,20100630.0,20251231.0,Existing extra ticker list; use as matched non-distressed controls if SEC coverage is sufficient.
WEC,783325.0,CIK0000783325,,"WEC ENERGY GROUP, INC.",NYSE,,,additional_controls,include_if_num_tags_parse,43.0,20150630.0,20251231.0,Existing extra ticker list; use as matched non-distressed controls if SEC coverage is sufficient.
HUM,49071.0,CIK0000049071,,HUMANA INC,NYSE,,,additional_controls,include_if_num_tags_parse,67.0,20090630.0,20251231.0,Existing extra ticker list; use as matched non-distressed controls if SEC coverage is sufficient.
BRO,79282.0,CIK0000079282,,"BROWN & BROWN, INC.",NYSE,,,additional_controls,include_if_num_tags_parse,36.0,20100630.0,20170930.0,Existing extra ticker list; use as matched non-distressed controls if SEC coverage is sufficient.
MPWR,1280452.0,CIK0001280452,,MONOLITHIC POWER SYSTEMS INC,Nasdaq,,,additional_controls,include_if_num_tags_parse,59.0,20110630.0,20251231.0,Existing extra ticker list; use as matched non-distressed controls if SEC coverage is sufficient.
GDDY,1609711.0,CIK0001609711,,GoDaddy Inc.,NYSE,,,additional_controls,include_if_num_tags_parse,44.0,20150331.0,20251231.0,Existing extra ticker list; use as matched non-distressed controls if SEC coverage is sufficient.
TSCO,916365.0,CIK0000916365,,TRACTOR SUPPLY CO /DE/,Nasdaq,,,additional_controls,include_if_num_tags_parse,63.0,20100630.0,20251231.0,Existing extra ticker list; use as matched non-distressed controls if SEC coverage is sufficient.
STT,93751.0,CIK0000093751,,STATE STREET CORP,NYSE,,,additional_controls,include_if_num_tags_parse,67.0,20090630.0,20251231.0,Existing extra ticker list; use as matched non-distressed controls if SEC coverage is sufficient.
CAH,721371.0,CIK0000721371,,CARDINAL HEALTH INC,NYSE,,,additional_controls,include_if_num_tags_parse,65.0,20090930.0,20251231.0,Existing extra ticker list; use as matched non-distressed controls if SEC coverage is sufficient.
GPN,1123360.0,CIK0001123360,,GLOBAL PAYMENTS INC,NYSE,,,additional_controls,include_if_num_tags_parse,63.0,20100831.0,20251231.0,Existing extra ticker list; use as matched non-distressed controls if SEC coverage is sufficient.
FITB,35527.0,CIK0000035527,,FIFTH THIRD BANCORP,Nasdaq,,,additional_controls,include_if_num_tags_parse,67.0,20090630.0,20251231.0,Existing extra ticker list; use as matched non-distressed controls if SEC coverage is sufficient.
XYL,1524472.0,CIK0001524472,,Xylem Inc.,NYSE,,,additional_controls,include_if_num_tags_parse,59.0,20110930.0,20251231.0,Existing extra ticker list; use as matched non-distressed controls if SEC coverage is sufficient.
HPE,1645590.0,CIK0001645590,,Hewlett Packard Enterprise Co,NYSE,,,additional_controls,include_if_num_tags_parse,41.0,20151031.0,20260131.0,Existing extra ticker list; use as matched non-distressed controls if SEC coverage is sufficient.
KEYS,1601046.0,CIK0001601046,,"Keysight Technologies, Inc.",NYSE,,,additional_controls,include_if_num_tags_parse,44.0,20150131.0,20260131.0,Existing extra ticker list; use as matched non-distressed controls if SEC coverage is sufficient.
DOW,1751788.0,CIK0001751788,,DOW INC.,NYSE,,,additional_controls,include_if_num_tags_parse,28.0,20190331.0,20251231.0,Existing extra ticker list; use as matched non-distressed controls if SEC coverage is sufficient.
EQR,906107.0,CIK0000906107,,EQUITY RESIDENTIAL,NYSE,,,additional_controls,include_if_num_tags_parse,65.0,20090630.0,20251231.0,Existing extra ticker list; use as matched non-distressed controls if SEC coverage is sufficient.
PPG,79879.0,CIK0000079879,,PPG INDUSTRIES INC,NYSE,,,additional_controls,include_if_num_tags_parse,68.0,20090630.0,20251231.0,Existing extra ticker list; use as matched non-distressed controls if SEC coverage is sufficient.
K,55067.0,CIK0000055067,,KELLANOVA,NYSE,,,additional_controls,include_if_num_tags_parse,57.0,20090630.0,20230630.0,Existing extra ticker list; use as matched non-distressed controls if SEC coverage is sufficient.
SW,2005951.0,CIK0002005951,,Smurfit Westrock plc,NYSE,,,additional_controls,pending_sec_coverage_check,7.0,20240630.0,20251231.0,Existing extra ticker list; use as matched non-distressed controls if SEC coverage is sufficient.
NUE,73309.0,CIK0000073309,,NUCOR CORP,NYSE,,,additional_controls,include_if_num_tags_parse,67.0,20090630.0,20251231.0,Existing extra ticker list; use as matched non-distressed controls if SEC coverage is sufficient.
EL,1001250.0,CIK0001001250,,ESTEE LAUDER COMPANIES INC,NYSE,,,additional_controls,include_if_num_tags_parse,62.0,20100930.0,20251231.0,Existing extra ticker list; use as matched non-distressed controls if SEC coverage is sufficient.
BR,1383312.0,CIK0001383312,,"BROADRIDGE FINANCIAL SOLUTIONS, INC.",NYSE,,,additional_controls,include_if_num_tags_parse,62.0,20100930.0,20251231.0,Existing extra ticker list; use as matched non-distressed controls if SEC coverage is sufficient.
TPL,1811074.0,CIK0001811074,,Texas Pacific Land Corp,NYSE,,,additional_controls,include_if_num_tags_parse,21.0,20201231.0,20251231.0,Existing extra ticker list; use as matched non-distressed controls if SEC coverage is sufficient.
CHD,313927.0,CIK0000313927,,CHURCH & DWIGHT CO INC /DE/,NYSE,,,additional_controls,include_if_num_tags_parse,63.0,20100630.0,20251231.0,Existing extra ticker list; use as matched non-distressed controls if SEC coverage is sufficient.
MTD,1037646.0,CIK0001037646,,METTLER TOLEDO INTERNATIONAL INC/,NYSE,,,additional_controls,include_if_num_tags_parse,62.0,20100630.0,20251231.0,Existing extra ticker list; use as matched non-distressed controls if SEC coverage is sufficient.
DOV,29905.0,CIK0000029905,,DOVER Corp,NYSE,,,additional_controls,include_if_num_tags_parse,68.0,20090630.0,20251231.0,Existing extra ticker list; use as matched non-distressed controls if SEC coverage is sufficient.
TYL,860731.0,CIK0000860731,,TYLER TECHNOLOGIES INC,NYSE,,,additional_controls,include_if_num_tags_parse,59.0,20110630.0,20251231.0,Existing extra ticker list; use as matched non-distressed controls if SEC coverage is sufficient.
FTV,1659166.0,CIK0001659166,,Fortive Corp,NYSE,,,additional_controls,include_if_num_tags_parse,39.0,20160630.0,20251231.0,Existing extra ticker list; use as matched non-distressed controls if SEC coverage is sufficient.
TROW,1113169.0,CIK0001113169,,PRICE T ROWE GROUP INC,Nasdaq,,,additional_controls,include_if_num_tags_parse,67.0,20090630.0,20251231.0,Existing extra ticker list; use as matched non-distressed controls if SEC coverage is sufficient.
VLTO,1967680.0,CIK0001967680,,Veralto Corp,NYSE,,,additional_controls,include_if_num_tags_parse,10.0,20230930.0,20251231.0,Existing extra ticker list; use as matched non-distressed controls if SEC coverage is sufficient.
EQT,33213.0,CIK0000033213,,EQT Corp,NYSE,,,additional_controls,include_if_num_tags_parse,67.0,20090630.0,20251231.0,Existing extra ticker list; use as matched non-distressed controls if SEC coverage is sufficient.
SYF,1601712.0,CIK0001601712,,Synchrony Financial,NYSE,,,additional_controls,include_if_num_tags_parse,47.0,20140630.0,20251231.0,Existing extra ticker list; use as matched non-distressed controls if SEC coverage is sufficient.
NVR,906163.0,CIK0000906163,,NVR INC,NYSE,,,additional_controls,include_if_num_tags_parse,63.0,20100630.0,20251231.0,Existing extra ticker list; use as matched non-distressed controls if SEC coverage is sufficient.
DTE,936340.0,CIK0000936340,,DTE ENERGY CO,NYSE,,,additional_controls,include_if_num_tags_parse,67.0,20090630.0,20251231.0,Existing extra ticker list; use as matched non-distressed controls if SEC coverage is sufficient.
VTR,740260.0,CIK0000740260,,"Ventas, Inc.",NYSE,,,additional_controls,include_if_num_tags_parse,42.0,20090630.0,20190331.0,Existing extra ticker list; use as matched non-distressed controls if SEC coverage is sufficient.
AWK,1410636.0,CIK0001410636,,"American Water Works Company, Inc.",NYSE,,,additional_controls,include_if_num_tags_parse,63.0,20100630.0,20251231.0,Existing extra ticker list; use as matched non-distressed controls if SEC coverage is sufficient.
ADM,7084.0,CIK0000007084,,Archer-Daniels-Midland Co,NYSE,,,additional_controls,include_if_num_tags_parse,38.0,20090930.0,20190331.0,Existing extra ticker list; use as matched non-distressed controls if SEC coverage is sufficient.
NTAP,1002047.0,CIK0001002047,,"NetApp, Inc.",Nasdaq,,,additional_controls,include_if_num_tags_parse,62.0,20100731.0,20260131.0,Existing extra ticker list; use as matched non-distressed controls if SEC coverage is sufficient.
WST,105770.0,CIK0000105770,,WEST PHARMACEUTICAL SERVICES INC,NYSE,,,additional_controls,include_if_num_tags_parse,63.0,20100630.0,20251231.0,Existing extra ticker list; use as matched non-distressed controls if SEC coverage is sufficient.
CPAY,1175454.0,CIK0001175454,,"CORPAY, INC.",NYSE,,,additional_controls,include_if_num_tags_parse,51.0,20110630.0,20231231.0,Existing extra ticker list; use as matched non-distressed controls if SEC coverage is sufficient.
PPL,922224.0,CIK0000922224,,PPL Corp,NYSE,,,additional_controls,include_if_num_tags_parse,67.0,20090630.0,20251231.0,Existing extra ticker list; use as matched non-distressed controls if SEC coverage is sufficient.
LYB,1489393.0,CIK0001489393,,LyondellBasell Industries N.V.,NYSE,,,additional_controls,include_if_num_tags_parse,59.0,20110630.0,20251231.0,Existing extra ticker list; use as matched non-distressed controls if SEC coverage is sufficient.
AEE,1002910.0,CIK0001002910,,AMEREN CORP,NYSE,,,additional_controls,include_if_num_tags_parse,67.0,20090630.0,20251231.0,Existing extra ticker list; use as matched non-distressed controls if SEC coverage is sufficient.
EXPE,1324424.0,CIK0001324424,,"Expedia Group, Inc.",Nasdaq,,,additional_controls,include_if_num_tags_parse,32.0,20180331.0,20251231.0,Existing extra ticker list; use as matched non-distressed controls if SEC coverage is sufficient.
HBAN,49196.0,CIK0000049196,,HUNTINGTON BANCSHARES INC /MD/,Nasdaq,,,additional_controls,include_if_num_tags_parse,44.0,20100630.0,20201231.0,Existing extra ticker list; use as matched non-distressed controls if SEC coverage is sufficient.
FE,1031296.0,CIK0001031296,,FIRSTENERGY CORP,NYSE,,,additional_controls,include_if_num_tags_parse,68.0,20090331.0,20251231.0,Existing extra ticker list; use as matched non-distressed controls if SEC coverage is sufficient.
HUBB,48898.0,CIK0000048898,,HUBBELL INC,NYSE,,,additional_controls,include_if_num_tags_parse,63.0,20100630.0,20251231.0,Existing extra ticker list; use as matched non-distressed controls if SEC coverage is sufficient.
HAL,45012.0,CIK0000045012,,HALLIBURTON CO,NYSE,,,additional_controls,include_if_num_tags_parse,67.0,20090630.0,20251231.0,Existing extra ticker list; use as matched non-distressed controls if SEC coverage is sufficient.
ROL,84839.0,CIK0000084839,,ROLLINS INC,NYSE,,,additional_controls,include_if_num_tags_parse,64.0,20100630.0,20251231.0,Existing extra ticker list; use as matched non-distressed controls if SEC coverage is sufficient.
PHM,822416.0,CIK0000822416,,PULTEGROUP INC/MI/,NYSE,,,additional_controls,include_if_num_tags_parse,63.0,20100630.0,20251231.0,Existing extra ticker list; use as matched non-distressed controls if SEC coverage is sufficient.
CINF,20286.0,CIK0000020286,,CINCINNATI FINANCIAL CORP,Nasdaq,,,additional_controls,include_if_num_tags_parse,63.0,20100630.0,20251231.0,Existing extra ticker list; use as matched non-distressed controls if SEC coverage is sufficient.
PTC,857005.0,CIK0000857005,,PTC INC.,Nasdaq,,,additional_controls,include_if_num_tags_parse,53.0,20121231.0,20251231.0,Existing extra ticker list; use as matched non-distressed controls if SEC coverage is sufficient.
AAMRQ,6201.0,CIK0000006201,AMR CORP,AMR CORP,,,,distress_candidates,include_if_num_tags_parse,15.0,20100630.0,20130930.0,bankruptcy; event_year=2011; filings=15.0
AMC,1411579.0,CIK0001411579,"AMC ENTERTAINMENT HOLDINGS, INC.","AMC ENTERTAINMENT HOLDINGS, INC.",,,,distress_candidates,include_if_num_tags_parse,48.0,20140331.0,20251231.0,near_distress; event_year=2020; filings=48.0
ANRZQ,1301063.0,CIK0001301063,"ALPHA NATURAL RESOURCES, INC.","ALPHA NATURAL RESOURCES, INC.",,,,distress_candidates,include_if_num_tags_parse,25.0,20090930.0,20150630.0,bankruptcy; event_year=2015; filings=25.0
ASNA,1498301.0,CIK0001498301,"ASCENA RETAIL GROUP, INC.","ASCENA RETAIL GROUP, INC.",,,,distress_candidates,include_if_num_tags_parse,38.0,20110131.0,20200731.0,bankruptcy; event_year=2020; filings=38.0
BBBY,886158.0,CIK0000886158,BED BATH & BEYOND INC,BED BATH & BEYOND INC,,,,distress_candidates,include_if_num_tags_parse,56.0,20090831.0,20230228.0,bankruptcy; event_year=2023; filings=56.0
BRDS,1861449.0,CIK0001861449,"BIRD GLOBAL, INC.","BIRD GLOBAL, INC.",,,,distress_candidates,include_if_num_tags_parse,12.0,20210930.0,20230930.0,bankruptcy; event_year=2023; filings=12.0
BTUUQ,1064728.0,CIK0001064728,PEABODY ENERGY CORP,PEABODY ENERGY CORP,,,,distress_candidates,include_if_num_tags_parse,70.0,20090630.0,20251231.0,bankruptcy; event_year=2016; filings=70.0
BYND,1655210.0,CIK0001655210,"BEYOND MEAT, INC.","BEYOND MEAT, INC.",,,,distress_candidates,include_if_num_tags_parse,27.0,20190331.0,20250930.0,near_distress; event_year=2022; filings=27.0
CANO,1800682.0,CIK0001800682,"CANO HEALTH, INC.","CANO HEALTH, INC.",,,,distress_candidates,include_if_num_tags_parse,12.0,20210630.0,20240331.0,bankruptcy; event_year=2024; filings=12.0
CHK,895126.0,CIK0000895126,CHESAPEAKE ENERGY CORP,CHESAPEAKE ENERGY CORP,,,,distress_candidates,include_if_num_tags_parse,62.0,20090630.0,20240630.0,bankruptcy; event_year=2020; filings=62.0
CIT,1171825.0,CIK0001171825,CIT GROUP INC,CIT GROUP INC,,,,distress_candidates,include_if_num_tags_parse,46.0,20100630.0,20210930.0,bankruptcy; event_year=2009; filings=46.0
CVNA,1690820.0,CIK0001690820,CARVANA CO.,CARVANA CO.,,,,distress_candidates,include_if_num_tags_parse,36.0,20170331.0,20251231.0,near_distress; event_year=2022; filings=36.0
EKDKQ,31235.0,CIK0000031235,EASTMAN KODAK CO,EASTMAN KODAK CO,,,,distress_candidates,include_if_num_tags_parse,65.0,20100630.0,20251231.0,bankruptcy; event_year=2012; filings=65.0
FTR,20520.0,CIK0000020520,FRONTIER COMMUNICATIONS CORP,FRONTIER COMMUNICATIONS CORP,,,,distress_candidates,include_if_num_tags_parse,44.0,20100630.0,20210331.0,bankruptcy; event_year=2020; filings=44.0
GTATQ,1394954.0,CIK0001394954,GT ADVANCED TECHNOLOGIES INC.,GT ADVANCED TECHNOLOGIES INC.,,,,distress_candidates,include_if_num_tags_parse,13.0,20110630.0,20140630.0,bankruptcy; event_year=2014; filings=13.0
HTZ,1657853.0,CIK0001657853,"HERTZ GLOBAL HOLDINGS, INC","HERTZ GLOBAL HOLDINGS, INC",,,,distress_candidates,include_if_num_tags_parse,39.0,20160630.0,20251231.0,bankruptcy; event_year=2020; filings=39.0
JCP,1166126.0,CIK0001166126,J C PENNEY CO INC,J C PENNEY CO INC,,,,distress_candidates,include_if_num_tags_parse,46.0,20090731.0,20201031.0,bankruptcy; event_year=2020; filings=46.0
JOAN,1834585.0,CIK0001834585,JOANN INC.,JOANN INC.,,,,distress_candidates,include_if_num_tags_parse,11.0,20210430.0,20231031.0,bankruptcy; event_year=2024; filings=11.0
LINEQ,1326428.0,CIK0001326428,"LINN ENERGY, LLC","LINN ENERGY, LLC",,,,distress_candidates,include_if_num_tags_parse,26.0,20100630.0,20160930.0,bankruptcy; event_year=2016; filings=26.0
NPCMQ,1458891.0,CIK0001458891,NOBLE CORP PLC,NOBLE CORP PLC,,,,distress_candidates,include_if_num_tags_parse,28.0,20131231.0,20200930.0,bankruptcy; event_year=2020; filings=28.0
NVAX,1000694.0,CIK0001000694,NOVAVAX INC,NOVAVAX INC,,,,distress_candidates,include_if_num_tags_parse,59.0,20110630.0,20251231.0,near_distress; event_year=2022; filings=59.0
PGNPQ,1004980.0,CIK0001004980,PG&E CORP,PG&E CORP,,,,distress_candidates,include_if_num_tags_parse,67.0,20090630.0,20251231.0,bankruptcy; event_year=2019; filings=67.0
PIRRQ,278130.0,CIK0000278130,PIER 1 IMPORTS INC/DE,PIER 1 IMPORTS INC/DE,,,,distress_candidates,include_if_num_tags_parse,36.0,20110531.0,20191130.0,bankruptcy; event_year=2020; filings=36.0
PRTY,1592058.0,CIK0001592058,PARTY CITY HOLDCO INC.,PARTY CITY HOLDCO INC.,,,,distress_candidates,include_if_num_tags_parse,36.0,20150331.0,20230930.0,bankruptcy; event_year=2023; filings=36.0
PTON,1639825.0,CIK0001639825,"PELOTON INTERACTIVE, INC.","PELOTON INTERACTIVE, INC.",,,,distress_candidates,include_if_num_tags_parse,26.0,20190930.0,20251231.0,near_distress; event_year=2022; filings=26.0
PTRA,1820630.0,CIK0001820630,PROTERRA INC,PROTERRA INC,,,,distress_candidates,include_if_num_tags_parse,10.0,20210630.0,20230930.0,bankruptcy; event_year=2023; filings=10.0
REV,887921.0,CIK0000887921,REVLON INC /DE/,REVLON INC /DE/,,,,distress_candidates,include_if_num_tags_parse,47.0,20110630.0,20221231.0,bankruptcy; event_year=2022; filings=47.0
RIDE,1759546.0,CIK0001759546,LORDSTOWN MOTORS CORP.,LORDSTOWN MOTORS CORP.,,,,distress_candidates,include_if_num_tags_parse,15.0,20200930.0,20231231.0,bankruptcy; event_year=2023; filings=15.0
SDC,1775625.0,CIK0001775625,"SMILEDIRECTCLUB, INC.","SMILEDIRECTCLUB, INC.",,,,distress_candidates,include_if_num_tags_parse,16.0,20190930.0,20230630.0,bankruptcy; event_year=2023; filings=16.0
SHLDQ,1310067.0,CIK0001310067,SEARS HOLDINGS CORP,SEARS HOLDINGS CORP,,,,distress_candidates,include_if_num_tags_parse,34.0,20100731.0,20181031.0,bankruptcy; event_year=2018; filings=34.0
SI,1312109.0,CIK0001312109,SILVERGATE CAPITAL CORP,SILVERGATE CAPITAL CORP,,,,distress_candidates,include_if_num_tags_parse,13.0,20190930.0,20220930.0,liquidation_distress; event_year=2023; filings=13.0
SIVB,719739.0,CIK0000719739,SVB FINANCIAL GROUP,SVB FINANCIAL GROUP,,,,distress_candidates,include_if_num_tags_parse,51.0,20100630.0,20221231.0,bank_failure; event_year=2023; filings=51.0
SUNEQ,945436.0,CIK0000945436,"SUNEDISON, INC.","SUNEDISON, INC.",,,,distress_candidates,include_if_num_tags_parse,10.0,20130630.0,20150930.0,bankruptcy; event_year=2016; filings=10.0
TOYRF,1005414.0,CIK0001005414,TOYS R US INC,TOYS R US INC,,,,distress_candidates,include_if_num_tags_parse,25.0,20110731.0,20171031.0,bankruptcy; event_year=2017; filings=25.0
TUES,878726.0,CIK0000878726,TUESDAY MORNING CORP/DE,TUESDAY MORNING CORP/DE,,,,distress_candidates,include_if_num_tags_parse,45.0,20110930.0,20220930.0,bankruptcy; event_year=2020; filings=45.0
TUP,1008654.0,CIK0001008654,TUPPERWARE BRANDS CORP,TUPPERWARE BRANDS CORP,,,,distress_candidates,include_if_num_tags_parse,56.0,20100630.0,20230930.0,bankruptcy; event_year=2024; filings=56.0
UCIHQ,1022646.0,CIK0001022646,ULTRA PETROLEUM CORP,ULTRA PETROLEUM CORP,,,,distress_candidates,include_if_num_tags_parse,45.0,20090630.0,20200630.0,bankruptcy; event_year=2016; filings=45.0
UPST,1647639.0,CIK0001647639,"UPSTART HOLDINGS, INC.","UPSTART HOLDINGS, INC.",,,,distress_candidates,include_if_num_tags_parse,21.0,20210331.0,20251231.0,near_distress; event_year=2022; filings=21.0
WE,1813756.0,CIK0001813756,WEWORK INC.,WEWORK INC.,,,,distress_candidates,include_if_num_tags_parse,10.0,20201231.0,20230630.0,bankruptcy; event_year=2023; filings=10.0
WLL,1255474.0,CIK0001255474,WHITING PETROLEUM CORP,WHITING PETROLEUM CORP,,,,distress_candidates,include_if_num_tags_parse,49.0,20100630.0,20220331.0,bankruptcy; event_year=2020; filings=49.0
WLTGQ,837173.0,CIK0000837173,"WALTER ENERGY, INC.","WALTER ENERGY, INC.",,,,distress_candidates,include_if_num_tags_parse,25.0,20090630.0,20150930.0,bankruptcy; event_year=2015; filings=25.0
YELL,716006.0,CIK0000716006,YELLOW CORP,YELLOW CORP,,,,distress_candidates,include_if_num_tags_parse,11.0,20201231.0,20230630.0,bankruptcy; event_year=2023; filings=11.0
