model,split,rows,positives,threshold,roc_auc,pr_auc,precision,recall,f1,tn,fp,fn,tp,target,model_family,seed,params_json,scale_pos_weight,fit_seconds
xgboost_cfg1_seed42,train,17145,58,0.42931827902793884,0.9997558135545677,0.9272642965950342,0.20209059233449478,1.0,0.336231884057971,16858,229,0,58,distress_next_4q,xgboost,42,"{""colsample_bytree"": 0.85, ""learning_rate"": 0.04, ""max_depth"": 2, ""min_child_weight"": 5, ""n_estimators"": 250, ""reg_alpha"": 0.0, ""reg_lambda"": 1.0, ""subsample"": 0.85}",294.6034482758621,0.418
xgboost_cfg1_seed42,validation,6045,53,0.42931827902793884,0.8978307554727059,0.1855349347172507,0.2909090909090909,0.3018867924528302,0.2962962962962963,5953,39,37,16,distress_next_4q,xgboost,42,"{""colsample_bytree"": 0.85, ""learning_rate"": 0.04, ""max_depth"": 2, ""min_child_weight"": 5, ""n_estimators"": 250, ""reg_alpha"": 0.0, ""reg_lambda"": 1.0, ""subsample"": 0.85}",294.6034482758621,0.418
xgboost_cfg1_seed42,test,5872,96,0.42931827902793884,0.8540214897853186,0.14558402834588258,0.18181818181818182,0.3125,0.2298850574712644,5641,135,66,30,distress_next_4q,xgboost,42,"{""colsample_bytree"": 0.85, ""learning_rate"": 0.04, ""max_depth"": 2, ""min_child_weight"": 5, ""n_estimators"": 250, ""reg_alpha"": 0.0, ""reg_lambda"": 1.0, ""subsample"": 0.85}",294.6034482758621,0.418
xgboost_cfg1_seed202,train,17145,58,0.39313045144081116,0.999838554416243,0.955016230749479,0.17901234567901234,1.0,0.3036649214659686,16821,266,0,58,distress_next_4q,xgboost,202,"{""colsample_bytree"": 0.85, ""learning_rate"": 0.04, ""max_depth"": 2, ""min_child_weight"": 5, ""n_estimators"": 250, ""reg_alpha"": 0.0, ""reg_lambda"": 1.0, ""subsample"": 0.85}",294.6034482758621,0.4
xgboost_cfg1_seed202,validation,6045,53,0.39313045144081116,0.8945512255334156,0.14863599356715684,0.265625,0.32075471698113206,0.2905982905982906,5945,47,36,17,distress_next_4q,xgboost,202,"{""colsample_bytree"": 0.85, ""learning_rate"": 0.04, ""max_depth"": 2, ""min_child_weight"": 5, ""n_estimators"": 250, ""reg_alpha"": 0.0, ""reg_lambda"": 1.0, ""subsample"": 0.85}",294.6034482758621,0.4
xgboost_cfg1_seed202,test,5872,96,0.39313045144081116,0.8471603041320407,0.1392941727994224,0.18181818181818182,0.3541666666666667,0.24028268551236748,5623,153,62,34,distress_next_4q,xgboost,202,"{""colsample_bytree"": 0.85, ""learning_rate"": 0.04, ""max_depth"": 2, ""min_child_weight"": 5, ""n_estimators"": 250, ""reg_alpha"": 0.0, ""reg_lambda"": 1.0, ""subsample"": 0.85}",294.6034482758621,0.4
xgboost_cfg1_seed777,train,17145,58,0.48588329553604126,0.9997447141706842,0.9285175951371547,0.2265625,1.0,0.36942675159235666,16889,198,0,58,distress_next_4q,xgboost,777,"{""colsample_bytree"": 0.85, ""learning_rate"": 0.04, ""max_depth"": 2, ""min_child_weight"": 5, ""n_estimators"": 250, ""reg_alpha"": 0.0, ""reg_lambda"": 1.0, ""subsample"": 0.85}",294.6034482758621,0.399
xgboost_cfg1_seed777,validation,6045,53,0.48588329553604126,0.9057548429352344,0.18736960200831124,0.375,0.2830188679245283,0.32258064516129037,5967,25,38,15,distress_next_4q,xgboost,777,"{""colsample_bytree"": 0.85, ""learning_rate"": 0.04, ""max_depth"": 2, ""min_child_weight"": 5, ""n_estimators"": 250, ""reg_alpha"": 0.0, ""reg_lambda"": 1.0, ""subsample"": 0.85}",294.6034482758621,0.399
xgboost_cfg1_seed777,test,5872,96,0.48588329553604126,0.8493199229570637,0.14176366670174206,0.16783216783216784,0.25,0.20083682008368203,5657,119,72,24,distress_next_4q,xgboost,777,"{""colsample_bytree"": 0.85, ""learning_rate"": 0.04, ""max_depth"": 2, ""min_child_weight"": 5, ""n_estimators"": 250, ""reg_alpha"": 0.0, ""reg_lambda"": 1.0, ""subsample"": 0.85}",294.6034482758621,0.399
xgboost_cfg2_seed42,train,17145,58,0.07314667850732803,1.0,1.0000000000000002,0.17737003058103976,1.0,0.3012987012987013,16818,269,0,58,distress_next_4q,xgboost,42,"{""colsample_bytree"": 0.85, ""learning_rate"": 0.03, ""max_depth"": 3, ""min_child_weight"": 8, ""n_estimators"": 400, ""reg_alpha"": 0.05, ""reg_lambda"": 2.0, ""subsample"": 0.85}",294.6034482758621,0.735
xgboost_cfg2_seed42,validation,6045,53,0.07314667850732803,0.8945039927450438,0.11639601144514143,0.19718309859154928,0.2641509433962264,0.2258064516129032,5935,57,39,14,distress_next_4q,xgboost,42,"{""colsample_bytree"": 0.85, ""learning_rate"": 0.03, ""max_depth"": 3, ""min_child_weight"": 8, ""n_estimators"": 400, ""reg_alpha"": 0.05, ""reg_lambda"": 2.0, ""subsample"": 0.85}",294.6034482758621,0.735
xgboost_cfg2_seed42,test,5872,96,0.07314667850732803,0.8516797235687904,0.1166637675347259,0.16080402010050251,0.3333333333333333,0.2169491525423729,5609,167,64,32,distress_next_4q,xgboost,42,"{""colsample_bytree"": 0.85, ""learning_rate"": 0.03, ""max_depth"": 3, ""min_child_weight"": 8, ""n_estimators"": 400, ""reg_alpha"": 0.05, ""reg_lambda"": 2.0, ""subsample"": 0.85}",294.6034482758621,0.735
xgboost_cfg2_seed202,train,17145,58,0.06687717884778976,0.9999999999999999,1.0,0.17159763313609466,1.0,0.29292929292929293,16807,280,0,58,distress_next_4q,xgboost,202,"{""colsample_bytree"": 0.85, ""learning_rate"": 0.03, ""max_depth"": 3, ""min_child_weight"": 8, ""n_estimators"": 400, ""reg_alpha"": 0.05, ""reg_lambda"": 2.0, ""subsample"": 0.85}",294.6034482758621,0.756
xgboost_cfg2_seed202,validation,6045,53,0.06687717884778976,0.8772703226944101,0.10354056376515432,0.14285714285714285,0.24528301886792453,0.18055555555555555,5914,78,40,13,distress_next_4q,xgboost,202,"{""colsample_bytree"": 0.85, ""learning_rate"": 0.03, ""max_depth"": 3, ""min_child_weight"": 8, ""n_estimators"": 400, ""reg_alpha"": 0.05, ""reg_lambda"": 2.0, ""subsample"": 0.85}",294.6034482758621,0.756
xgboost_cfg2_seed202,test,5872,96,0.06687717884778976,0.8513352666204986,0.12300565367058598,0.16267942583732056,0.3541666666666667,0.22295081967213112,5601,175,62,34,distress_next_4q,xgboost,202,"{""colsample_bytree"": 0.85, ""learning_rate"": 0.03, ""max_depth"": 3, ""min_child_weight"": 8, ""n_estimators"": 400, ""reg_alpha"": 0.05, ""reg_lambda"": 2.0, ""subsample"": 0.85}",294.6034482758621,0.756
xgboost_cfg2_seed777,train,17145,58,0.08846666663885117,1.0,1.0000000000000002,0.22053231939163498,1.0,0.36137071651090347,16882,205,0,58,distress_next_4q,xgboost,777,"{""colsample_bytree"": 0.85, ""learning_rate"": 0.03, ""max_depth"": 3, ""min_child_weight"": 8, ""n_estimators"": 400, ""reg_alpha"": 0.05, ""reg_lambda"": 2.0, ""subsample"": 0.85}",294.6034482758621,0.738
xgboost_cfg2_seed777,validation,6045,53,0.08846666663885117,0.8812158349497442,0.0850645997150841,0.19672131147540983,0.22641509433962265,0.21052631578947367,5943,49,41,12,distress_next_4q,xgboost,777,"{""colsample_bytree"": 0.85, ""learning_rate"": 0.03, ""max_depth"": 3, ""min_child_weight"": 8, ""n_estimators"": 400, ""reg_alpha"": 0.05, ""reg_lambda"": 2.0, ""subsample"": 0.85}",294.6034482758621,0.738
xgboost_cfg2_seed777,test,5872,96,0.08846666663885117,0.8305650536703602,0.117352027087092,0.17582417582417584,0.3333333333333333,0.2302158273381295,5626,150,64,32,distress_next_4q,xgboost,777,"{""colsample_bytree"": 0.85, ""learning_rate"": 0.03, ""max_depth"": 3, ""min_child_weight"": 8, ""n_estimators"": 400, ""reg_alpha"": 0.05, ""reg_lambda"": 2.0, ""subsample"": 0.85}",294.6034482758621,0.738
xgboost_cfg3_seed42,train,17145,58,0.045638810843229294,1.0,1.0000000000000002,0.11764705882352941,1.0,0.21052631578947367,16652,435,0,58,distress_next_4q,xgboost,42,"{""colsample_bytree"": 0.75, ""learning_rate"": 0.02, ""max_depth"": 3, ""min_child_weight"": 10, ""n_estimators"": 600, ""reg_alpha"": 0.1, ""reg_lambda"": 4.0, ""subsample"": 0.75}",294.6034482758621,1.035
xgboost_cfg3_seed42,validation,6045,53,0.045638810843229294,0.8817542887371842,0.08891344014002905,0.12422360248447205,0.37735849056603776,0.18691588785046728,5851,141,33,20,distress_next_4q,xgboost,42,"{""colsample_bytree"": 0.75, ""learning_rate"": 0.02, ""max_depth"": 3, ""min_child_weight"": 10, ""n_estimators"": 600, ""reg_alpha"": 0.1, ""reg_lambda"": 4.0, ""subsample"": 0.75}",294.6034482758621,1.035
xgboost_cfg3_seed42,test,5872,96,0.045638810843229294,0.834619185710988,0.12120820218814975,0.14006514657980457,0.4479166666666667,0.21339950372208435,5512,264,53,43,distress_next_4q,xgboost,42,"{""colsample_bytree"": 0.75, ""learning_rate"": 0.02, ""max_depth"": 3, ""min_child_weight"": 10, ""n_estimators"": 600, ""reg_alpha"": 0.1, ""reg_lambda"": 4.0, ""subsample"": 0.75}",294.6034482758621,1.035
xgboost_cfg3_seed202,train,17145,58,0.07129555940628052,1.0,1.0000000000000002,0.16477272727272727,1.0,0.28292682926829266,16793,294,0,58,distress_next_4q,xgboost,202,"{""colsample_bytree"": 0.75, ""learning_rate"": 0.02, ""max_depth"": 3, ""min_child_weight"": 10, ""n_estimators"": 600, ""reg_alpha"": 0.1, ""reg_lambda"": 4.0, ""subsample"": 0.75}",294.6034482758621,1.032
xgboost_cfg3_seed202,validation,6045,53,0.07129555940628052,0.8806049575534675,0.09960619094580553,0.1322314049586777,0.3018867924528302,0.18390804597701152,5887,105,37,16,distress_next_4q,xgboost,202,"{""colsample_bytree"": 0.75, ""learning_rate"": 0.02, ""max_depth"": 3, ""min_child_weight"": 10, ""n_estimators"": 600, ""reg_alpha"": 0.1, ""reg_lambda"": 4.0, ""subsample"": 0.75}",294.6034482758621,1.032
xgboost_cfg3_seed202,test,5872,96,0.07129555940628052,0.8503668195983379,0.11988834968297693,0.1596244131455399,0.3541666666666667,0.22006472491909385,5597,179,62,34,distress_next_4q,xgboost,202,"{""colsample_bytree"": 0.75, ""learning_rate"": 0.02, ""max_depth"": 3, ""min_child_weight"": 10, ""n_estimators"": 600, ""reg_alpha"": 0.1, ""reg_lambda"": 4.0, ""subsample"": 0.75}",294.6034482758621,1.032
xgboost_cfg3_seed777,train,17145,58,0.08388728648424149,1.0,1.0,0.18125,1.0,0.3068783068783069,16825,262,0,58,distress_next_4q,xgboost,777,"{""colsample_bytree"": 0.75, ""learning_rate"": 0.02, ""max_depth"": 3, ""min_child_weight"": 10, ""n_estimators"": 600, ""reg_alpha"": 0.1, ""reg_lambda"": 4.0, ""subsample"": 0.75}",294.6034482758621,1.036
xgboost_cfg3_seed777,validation,6045,53,0.08388728648424149,0.8904041867143612,0.09926594846656273,0.1568627450980392,0.3018867924528302,0.2064516129032258,5906,86,37,16,distress_next_4q,xgboost,777,"{""colsample_bytree"": 0.75, ""learning_rate"": 0.02, ""max_depth"": 3, ""min_child_weight"": 10, ""n_estimators"": 600, ""reg_alpha"": 0.1, ""reg_lambda"": 4.0, ""subsample"": 0.75}",294.6034482758621,1.036
xgboost_cfg3_seed777,test,5872,96,0.08388728648424149,0.8440385503231763,0.12879317074164592,0.15492957746478872,0.34375,0.21359223300970873,5596,180,63,33,distress_next_4q,xgboost,777,"{""colsample_bytree"": 0.75, ""learning_rate"": 0.02, ""max_depth"": 3, ""min_child_weight"": 10, ""n_estimators"": 600, ""reg_alpha"": 0.1, ""reg_lambda"": 4.0, ""subsample"": 0.75}",294.6034482758621,1.036
xgboost_cfg4_seed42,train,17145,58,0.017610764130949974,1.0,1.0000000000000002,0.1377672209026128,1.0,0.24217118997912315,16724,363,0,58,distress_next_4q,xgboost,42,"{""colsample_bytree"": 0.8, ""learning_rate"": 0.035, ""max_depth"": 4, ""min_child_weight"": 6, ""n_estimators"": 350, ""reg_alpha"": 0.05, ""reg_lambda"": 3.0, ""subsample"": 0.8}",294.6034482758621,0.795
xgboost_cfg4_seed42,validation,6045,53,0.017610764130949974,0.8639853137516689,0.07270563331395179,0.11724137931034483,0.32075471698113206,0.1717171717171717,5864,128,36,17,distress_next_4q,xgboost,42,"{""colsample_bytree"": 0.8, ""learning_rate"": 0.035, ""max_depth"": 4, ""min_child_weight"": 6, ""n_estimators"": 350, ""reg_alpha"": 0.05, ""reg_lambda"": 3.0, ""subsample"": 0.8}",294.6034482758621,0.795
xgboost_cfg4_seed42,test,5872,96,0.017610764130949974,0.8386065904893814,0.11798581830340879,0.12666666666666668,0.3958333333333333,0.19191919191919193,5514,262,58,38,distress_next_4q,xgboost,42,"{""colsample_bytree"": 0.8, ""learning_rate"": 0.035, ""max_depth"": 4, ""min_child_weight"": 6, ""n_estimators"": 350, ""reg_alpha"": 0.05, ""reg_lambda"": 3.0, ""subsample"": 0.8}",294.6034482758621,0.795
xgboost_cfg4_seed202,train,17145,58,0.051967326551675797,1.0,1.0,0.29,1.0,0.44961240310077516,16945,142,0,58,distress_next_4q,xgboost,202,"{""colsample_bytree"": 0.8, ""learning_rate"": 0.035, ""max_depth"": 4, ""min_child_weight"": 6, ""n_estimators"": 350, ""reg_alpha"": 0.05, ""reg_lambda"": 3.0, ""subsample"": 0.8}",294.6034482758621,0.787
xgboost_cfg4_seed202,validation,6045,53,0.051967326551675797,0.8625746278056275,0.09055046124787276,0.18333333333333332,0.20754716981132076,0.19469026548672566,5943,49,42,11,distress_next_4q,xgboost,202,"{""colsample_bytree"": 0.8, ""learning_rate"": 0.035, ""max_depth"": 4, ""min_child_weight"": 6, ""n_estimators"": 350, ""reg_alpha"": 0.05, ""reg_lambda"": 3.0, ""subsample"": 0.8}",294.6034482758621,0.787
xgboost_cfg4_seed202,test,5872,96,0.051967326551675797,0.8294721693213296,0.12137341455432686,0.16216216216216217,0.25,0.19672131147540983,5652,124,72,24,distress_next_4q,xgboost,202,"{""colsample_bytree"": 0.8, ""learning_rate"": 0.035, ""max_depth"": 4, ""min_child_weight"": 6, ""n_estimators"": 350, ""reg_alpha"": 0.05, ""reg_lambda"": 3.0, ""subsample"": 0.8}",294.6034482758621,0.787
xgboost_cfg4_seed777,train,17145,58,0.017450332641601562,1.0,1.0000000000000002,0.14180929095354522,1.0,0.24839400428265526,16736,351,0,58,distress_next_4q,xgboost,777,"{""colsample_bytree"": 0.8, ""learning_rate"": 0.035, ""max_depth"": 4, ""min_child_weight"": 6, ""n_estimators"": 350, ""reg_alpha"": 0.05, ""reg_lambda"": 3.0, ""subsample"": 0.8}",294.6034482758621,0.785
xgboost_cfg4_seed777,validation,6045,53,0.017450332641601562,0.8690675617804872,0.06840620748776922,0.10160427807486631,0.3584905660377358,0.15833333333333333,5824,168,34,19,distress_next_4q,xgboost,777,"{""colsample_bytree"": 0.8, ""learning_rate"": 0.035, ""max_depth"": 4, ""min_child_weight"": 6, ""n_estimators"": 350, ""reg_alpha"": 0.05, ""reg_lambda"": 3.0, ""subsample"": 0.8}",294.6034482758621,0.785
xgboost_cfg4_seed777,test,5872,96,0.017450332641601562,0.8422423245614036,0.12189192129860113,0.14487632508833923,0.4270833333333333,0.21635883905013192,5534,242,55,41,distress_next_4q,xgboost,777,"{""colsample_bytree"": 0.8, ""learning_rate"": 0.035, ""max_depth"": 4, ""min_child_weight"": 6, ""n_estimators"": 350, ""reg_alpha"": 0.05, ""reg_lambda"": 3.0, ""subsample"": 0.8}",294.6034482758621,0.785
lightgbm_cfg1_seed42,train,17145,58,0.014675870803067726,1.0,1.0000000000000002,0.5225225225225225,1.0,0.6863905325443787,17034,53,0,58,distress_next_4q,lightgbm,42,"{""colsample_bytree"": 0.85, ""learning_rate"": 0.04, ""min_child_samples"": 40, ""n_estimators"": 250, ""num_leaves"": 15, ""reg_alpha"": 0.0, ""reg_lambda"": 1.0, ""subsample"": 0.85}",294.6034482758621,1.121
lightgbm_cfg1_seed42,validation,6045,53,0.014675870803067726,0.6662405219538001,0.03189379944806145,0.07079646017699115,0.1509433962264151,0.09638554216867469,5887,105,45,8,distress_next_4q,lightgbm,42,"{""colsample_bytree"": 0.85, ""learning_rate"": 0.04, ""min_child_samples"": 40, ""n_estimators"": 250, ""num_leaves"": 15, ""reg_alpha"": 0.0, ""reg_lambda"": 1.0, ""subsample"": 0.85}",294.6034482758621,1.121
lightgbm_cfg1_seed42,test,5872,96,0.014675870803067726,0.7088815789473685,0.06871007950083893,0.10948905109489052,0.15625,0.12875536480686697,5654,122,81,15,distress_next_4q,lightgbm,42,"{""colsample_bytree"": 0.85, ""learning_rate"": 0.04, ""min_child_samples"": 40, ""n_estimators"": 250, ""num_leaves"": 15, ""reg_alpha"": 0.0, ""reg_lambda"": 1.0, ""subsample"": 0.85}",294.6034482758621,1.121
lightgbm_cfg1_seed202,train,17145,58,0.20591463239260993,1.0,1.0000000000000002,1.0,1.0,1.0,17087,0,0,58,distress_next_4q,lightgbm,202,"{""colsample_bytree"": 0.85, ""learning_rate"": 0.04, ""min_child_samples"": 40, ""n_estimators"": 250, ""num_leaves"": 15, ""reg_alpha"": 0.0, ""reg_lambda"": 1.0, ""subsample"": 0.85}",294.6034482758621,1.124
lightgbm_cfg1_seed202,validation,6045,53,0.20591463239260993,0.6476339521878227,0.032864728634165015,0.11764705882352941,0.07547169811320754,0.09195402298850575,5962,30,49,4,distress_next_4q,lightgbm,202,"{""colsample_bytree"": 0.85, ""learning_rate"": 0.04, ""min_child_samples"": 40, ""n_estimators"": 250, ""num_leaves"": 15, ""reg_alpha"": 0.0, ""reg_lambda"": 1.0, ""subsample"": 0.85}",294.6034482758621,1.124
lightgbm_cfg1_seed202,test,5872,96,0.20591463239260993,0.7272225588642659,0.08842247813565882,0.20833333333333334,0.10416666666666667,0.1388888888888889,5738,38,86,10,distress_next_4q,lightgbm,202,"{""colsample_bytree"": 0.85, ""learning_rate"": 0.04, ""min_child_samples"": 40, ""n_estimators"": 250, ""num_leaves"": 15, ""reg_alpha"": 0.0, ""reg_lambda"": 1.0, ""subsample"": 0.85}",294.6034482758621,1.124
lightgbm_cfg1_seed777,train,17145,58,0.10536988197128262,1.0,1.0000000000000002,0.9830508474576272,1.0,0.9914529914529915,17086,1,0,58,distress_next_4q,lightgbm,777,"{""colsample_bytree"": 0.85, ""learning_rate"": 0.04, ""min_child_samples"": 40, ""n_estimators"": 250, ""num_leaves"": 15, ""reg_alpha"": 0.0, ""reg_lambda"": 1.0, ""subsample"": 0.85}",294.6034482758621,1.109
lightgbm_cfg1_seed777,validation,6045,53,0.10536988197128262,0.6713007280147114,0.039104142051463016,0.12280701754385964,0.1320754716981132,0.12727272727272726,5942,50,46,7,distress_next_4q,lightgbm,777,"{""colsample_bytree"": 0.85, ""learning_rate"": 0.04, ""min_child_samples"": 40, ""n_estimators"": 250, ""num_leaves"": 15, ""reg_alpha"": 0.0, ""reg_lambda"": 1.0, ""subsample"": 0.85}",294.6034482758621,1.109
lightgbm_cfg1_seed777,test,5872,96,0.10536988197128262,0.7435436865189289,0.0744469190508886,0.1095890410958904,0.08333333333333333,0.09467455621301776,5711,65,88,8,distress_next_4q,lightgbm,777,"{""colsample_bytree"": 0.85, ""learning_rate"": 0.04, ""min_child_samples"": 40, ""n_estimators"": 250, ""num_leaves"": 15, ""reg_alpha"": 0.0, ""reg_lambda"": 1.0, ""subsample"": 0.85}",294.6034482758621,1.109
lightgbm_cfg2_seed42,train,17145,58,0.009782316112870908,1.0,1.0000000000000002,0.38666666666666666,1.0,0.5576923076923077,16995,92,0,58,distress_next_4q,lightgbm,42,"{""colsample_bytree"": 0.85, ""learning_rate"": 0.03, ""min_child_samples"": 60, ""n_estimators"": 400, ""num_leaves"": 31, ""reg_alpha"": 0.05, ""reg_lambda"": 2.0, ""subsample"": 0.85}",294.6034482758621,2.409
lightgbm_cfg2_seed42,validation,6045,53,0.009782316112870908,0.831271884525279,0.04699753869273293,0.08333333333333333,0.22641509433962265,0.1218274111675127,5860,132,41,12,distress_next_4q,lightgbm,42,"{""colsample_bytree"": 0.85, ""learning_rate"": 0.03, ""min_child_samples"": 60, ""n_estimators"": 400, ""num_leaves"": 31, ""reg_alpha"": 0.05, ""reg_lambda"": 2.0, ""subsample"": 0.85}",294.6034482758621,2.409
lightgbm_cfg2_seed42,test,5872,96,0.009782316112870908,0.8255190298938135,0.11305129738944134,0.13297872340425532,0.2604166666666667,0.176056338028169,5613,163,71,25,distress_next_4q,lightgbm,42,"{""colsample_bytree"": 0.85, ""learning_rate"": 0.03, ""min_child_samples"": 60, ""n_estimators"": 400, ""num_leaves"": 31, ""reg_alpha"": 0.05, ""reg_lambda"": 2.0, ""subsample"": 0.85}",294.6034482758621,2.409
lightgbm_cfg2_seed202,train,17145,58,0.00801859043457146,1.0,1.0,0.3411764705882353,1.0,0.5087719298245613,16975,112,0,58,distress_next_4q,lightgbm,202,"{""colsample_bytree"": 0.85, ""learning_rate"": 0.03, ""min_child_samples"": 60, ""n_estimators"": 400, ""num_leaves"": 31, ""reg_alpha"": 0.05, ""reg_lambda"": 2.0, ""subsample"": 0.85}",294.6034482758621,2.362
lightgbm_cfg2_seed202,validation,6045,53,0.00801859043457146,0.8112010983197723,0.06451178302973355,0.12037037037037036,0.24528301886792453,0.16149068322981366,5897,95,40,13,distress_next_4q,lightgbm,202,"{""colsample_bytree"": 0.85, ""learning_rate"": 0.03, ""min_child_samples"": 60, ""n_estimators"": 400, ""num_leaves"": 31, ""reg_alpha"": 0.05, ""reg_lambda"": 2.0, ""subsample"": 0.85}",294.6034482758621,2.362
lightgbm_cfg2_seed202,test,5872,96,0.00801859043457146,0.82861192867036,0.09441578446512278,0.11214953271028037,0.25,0.15483870967741933,5586,190,72,24,distress_next_4q,lightgbm,202,"{""colsample_bytree"": 0.85, ""learning_rate"": 0.03, ""min_child_samples"": 60, ""n_estimators"": 400, ""num_leaves"": 31, ""reg_alpha"": 0.05, ""reg_lambda"": 2.0, ""subsample"": 0.85}",294.6034482758621,2.362
lightgbm_cfg2_seed777,train,17145,58,0.010311595163323174,0.9999999999999999,1.0000000000000002,0.3972602739726027,1.0,0.5686274509803921,16999,88,0,58,distress_next_4q,lightgbm,777,"{""colsample_bytree"": 0.85, ""learning_rate"": 0.03, ""min_child_samples"": 60, ""n_estimators"": 400, ""num_leaves"": 31, ""reg_alpha"": 0.05, ""reg_lambda"": 2.0, ""subsample"": 0.85}",294.6034482758621,2.382
lightgbm_cfg2_seed777,validation,6045,53,0.010311595163323174,0.829917877925284,0.06353839029501589,0.13333333333333333,0.22641509433962265,0.1678321678321678,5914,78,41,12,distress_next_4q,lightgbm,777,"{""colsample_bytree"": 0.85, ""learning_rate"": 0.03, ""min_child_samples"": 60, ""n_estimators"": 400, ""num_leaves"": 31, ""reg_alpha"": 0.05, ""reg_lambda"": 2.0, ""subsample"": 0.85}",294.6034482758621,2.382
lightgbm_cfg2_seed777,test,5872,96,0.010311595163323174,0.8382224578716527,0.10515390154024419,0.12745098039215685,0.2708333333333333,0.1733333333333333,5598,178,70,26,distress_next_4q,lightgbm,777,"{""colsample_bytree"": 0.85, ""learning_rate"": 0.03, ""min_child_samples"": 60, ""n_estimators"": 400, ""num_leaves"": 31, ""reg_alpha"": 0.05, ""reg_lambda"": 2.0, ""subsample"": 0.85}",294.6034482758621,2.382
lightgbm_cfg3_seed42,train,17145,58,0.004036572221327838,1.0,1.0000000000000002,0.12554112554112554,1.0,0.22307692307692306,16683,404,0,58,distress_next_4q,lightgbm,42,"{""colsample_bytree"": 0.75, ""learning_rate"": 0.02, ""min_child_samples"": 80, ""n_estimators"": 600, ""num_leaves"": 31, ""reg_alpha"": 0.1, ""reg_lambda"": 4.0, ""subsample"": 0.75}",294.6034482758621,3.093
lightgbm_cfg3_seed42,validation,6045,53,0.004036572221327838,0.8547843665768193,0.06748766471348835,0.07575757575757576,0.37735849056603776,0.12618296529968454,5748,244,33,20,distress_next_4q,lightgbm,42,"{""colsample_bytree"": 0.75, ""learning_rate"": 0.02, ""min_child_samples"": 80, ""n_estimators"": 600, ""num_leaves"": 31, ""reg_alpha"": 0.1, ""reg_lambda"": 4.0, ""subsample"": 0.75}",294.6034482758621,3.093
lightgbm_cfg3_seed42,test,5872,96,0.004036572221327838,0.8668628808864266,0.13325537507152524,0.1501597444089457,0.4895833333333333,0.22982885085574575,5510,266,49,47,distress_next_4q,lightgbm,42,"{""colsample_bytree"": 0.75, ""learning_rate"": 0.02, ""min_child_samples"": 80, ""n_estimators"": 600, ""num_leaves"": 31, ""reg_alpha"": 0.1, ""reg_lambda"": 4.0, ""subsample"": 0.75}",294.6034482758621,3.093
lightgbm_cfg3_seed202,train,17145,58,0.009464049568384354,1.0,1.0,0.21014492753623187,1.0,0.34730538922155685,16869,218,0,58,distress_next_4q,lightgbm,202,"{""colsample_bytree"": 0.75, ""learning_rate"": 0.02, ""min_child_samples"": 80, ""n_estimators"": 600, ""num_leaves"": 31, ""reg_alpha"": 0.1, ""reg_lambda"": 4.0, ""subsample"": 0.75}",294.6034482758621,3.08
lightgbm_cfg3_seed202,validation,6045,53,0.009464049568384354,0.8528541199586871,0.07606245064901897,0.12096774193548387,0.2830188679245283,0.16949152542372883,5883,109,38,15,distress_next_4q,lightgbm,202,"{""colsample_bytree"": 0.75, ""learning_rate"": 0.02, ""min_child_samples"": 80, ""n_estimators"": 600, ""num_leaves"": 31, ""reg_alpha"": 0.1, ""reg_lambda"": 4.0, ""subsample"": 0.75}",294.6034482758621,3.08
lightgbm_cfg3_seed202,test,5872,96,0.009464049568384354,0.8633876529316714,0.1340677351089688,0.15348837209302327,0.34375,0.2122186495176849,5594,182,63,33,distress_next_4q,lightgbm,202,"{""colsample_bytree"": 0.75, ""learning_rate"": 0.02, ""min_child_samples"": 80, ""n_estimators"": 600, ""num_leaves"": 31, ""reg_alpha"": 0.1, ""reg_lambda"": 4.0, ""subsample"": 0.75}",294.6034482758621,3.08
lightgbm_cfg3_seed777,train,17145,58,0.0116897684231132,1.0,1.0000000000000002,0.24267782426778242,1.0,0.3905723905723905,16906,181,0,58,distress_next_4q,lightgbm,777,"{""colsample_bytree"": 0.75, ""learning_rate"": 0.02, ""min_child_samples"": 80, ""n_estimators"": 600, ""num_leaves"": 31, ""reg_alpha"": 0.1, ""reg_lambda"": 4.0, ""subsample"": 0.75}",294.6034482758621,3.034
lightgbm_cfg3_seed777,validation,6045,53,0.0116897684231132,0.8622975287805124,0.08663554255230525,0.0990990990990991,0.20754716981132076,0.13414634146341464,5892,100,42,11,distress_next_4q,lightgbm,777,"{""colsample_bytree"": 0.75, ""learning_rate"": 0.02, ""min_child_samples"": 80, ""n_estimators"": 600, ""num_leaves"": 31, ""reg_alpha"": 0.1, ""reg_lambda"": 4.0, ""subsample"": 0.75}",294.6034482758621,3.034
lightgbm_cfg3_seed777,test,5872,96,0.0116897684231132,0.8690504530240074,0.12769360335966418,0.16326530612244897,0.3333333333333333,0.21917808219178078,5612,164,64,32,distress_next_4q,lightgbm,777,"{""colsample_bytree"": 0.75, ""learning_rate"": 0.02, ""min_child_samples"": 80, ""n_estimators"": 600, ""num_leaves"": 31, ""reg_alpha"": 0.1, ""reg_lambda"": 4.0, ""subsample"": 0.75}",294.6034482758621,3.034
lightgbm_cfg4_seed42,train,17145,58,0.0366831121760678,1.0,1.0000000000000002,0.7532467532467533,1.0,0.8592592592592593,17068,19,0,58,distress_next_4q,lightgbm,42,"{""colsample_bytree"": 0.8, ""learning_rate"": 0.035, ""min_child_samples"": 60, ""n_estimators"": 350, ""num_leaves"": 63, ""reg_alpha"": 0.05, ""reg_lambda"": 3.0, ""subsample"": 0.8}",294.6034482758621,2.174
lightgbm_cfg4_seed42,validation,6045,53,0.0366831121760678,0.7977240093709852,0.0413112503478774,0.10666666666666667,0.1509433962264151,0.125,5925,67,45,8,distress_next_4q,lightgbm,42,"{""colsample_bytree"": 0.8, ""learning_rate"": 0.035, ""min_child_samples"": 60, ""n_estimators"": 350, ""num_leaves"": 63, ""reg_alpha"": 0.05, ""reg_lambda"": 3.0, ""subsample"": 0.8}",294.6034482758621,2.174
lightgbm_cfg4_seed42,test,5872,96,0.0366831121760678,0.8168282548476454,0.10698190018999963,0.1484375,0.19791666666666666,0.16964285714285715,5667,109,77,19,distress_next_4q,lightgbm,42,"{""colsample_bytree"": 0.8, ""learning_rate"": 0.035, ""min_child_samples"": 60, ""n_estimators"": 350, ""num_leaves"": 63, ""reg_alpha"": 0.05, ""reg_lambda"": 3.0, ""subsample"": 0.8}",294.6034482758621,2.174
lightgbm_cfg4_seed202,train,17145,58,0.045180702329433664,1.0,1.0,0.8285714285714286,1.0,0.90625,17075,12,0,58,distress_next_4q,lightgbm,202,"{""colsample_bytree"": 0.8, ""learning_rate"": 0.035, ""min_child_samples"": 60, ""n_estimators"": 350, ""num_leaves"": 63, ""reg_alpha"": 0.05, ""reg_lambda"": 3.0, ""subsample"": 0.8}",294.6034482758621,2.128
lightgbm_cfg4_seed202,validation,6045,53,0.045180702329433664,0.7928432879058871,0.06207676546683222,0.16981132075471697,0.16981132075471697,0.16981132075471697,5948,44,44,9,distress_next_4q,lightgbm,202,"{""colsample_bytree"": 0.8, ""learning_rate"": 0.035, ""min_child_samples"": 60, ""n_estimators"": 350, ""num_leaves"": 63, ""reg_alpha"": 0.05, ""reg_lambda"": 3.0, ""subsample"": 0.8}",294.6034482758621,2.128
lightgbm_cfg4_seed202,test,5872,96,0.045180702329433664,0.8106352435364726,0.09528406576706926,0.1574074074074074,0.17708333333333334,0.16666666666666669,5685,91,79,17,distress_next_4q,lightgbm,202,"{""colsample_bytree"": 0.8, ""learning_rate"": 0.035, ""min_child_samples"": 60, ""n_estimators"": 350, ""num_leaves"": 63, ""reg_alpha"": 0.05, ""reg_lambda"": 3.0, ""subsample"": 0.8}",294.6034482758621,2.128
lightgbm_cfg4_seed777,train,17145,58,0.035322065432033097,1.0,1.0,0.6823529411764706,1.0,0.8111888111888113,17060,27,0,58,distress_next_4q,lightgbm,777,"{""colsample_bytree"": 0.8, ""learning_rate"": 0.035, ""min_child_samples"": 60, ""n_estimators"": 350, ""num_leaves"": 63, ""reg_alpha"": 0.05, ""reg_lambda"": 3.0, ""subsample"": 0.8}",294.6034482758621,2.184
lightgbm_cfg4_seed777,validation,6045,53,0.035322065432033097,0.800006927475628,0.06265837757893894,0.14492753623188406,0.18867924528301888,0.16393442622950818,5933,59,43,10,distress_next_4q,lightgbm,777,"{""colsample_bytree"": 0.8, ""learning_rate"": 0.035, ""min_child_samples"": 60, ""n_estimators"": 350, ""num_leaves"": 63, ""reg_alpha"": 0.05, ""reg_lambda"": 3.0, ""subsample"": 0.8}",294.6034482758621,2.184
lightgbm_cfg4_seed777,test,5872,96,0.035322065432033097,0.8272629559095106,0.10182529042667966,0.17142857142857143,0.1875,0.1791044776119403,5689,87,78,18,distress_next_4q,lightgbm,777,"{""colsample_bytree"": 0.8, ""learning_rate"": 0.035, ""min_child_samples"": 60, ""n_estimators"": 350, ""num_leaves"": 63, ""reg_alpha"": 0.05, ""reg_lambda"": 3.0, ""subsample"": 0.8}",294.6034482758621,2.184
xgboost_cfg1_seed42,train,17145,1555,0.8021341562271118,0.9660077879917253,0.7753553156847027,0.6924896510940272,0.7530546623794212,0.7215033887861984,15070,520,384,1171,failure_pressure_conservative_v2_next_4obs,xgboost,42,"{""colsample_bytree"": 0.85, ""learning_rate"": 0.04, ""max_depth"": 2, ""min_child_weight"": 5, ""n_estimators"": 250, ""reg_alpha"": 0.0, ""reg_lambda"": 1.0, ""subsample"": 0.85}",10.02572347266881,0.404
xgboost_cfg1_seed42,validation,6029,834,0.8021341562271118,0.921190362435749,0.6824235640444594,0.6594285714285715,0.6918465227817746,0.6752486834406086,4897,298,257,577,failure_pressure_conservative_v2_next_4obs,xgboost,42,"{""colsample_bytree"": 0.85, ""learning_rate"": 0.04, ""max_depth"": 2, ""min_child_weight"": 5, ""n_estimators"": 250, ""reg_alpha"": 0.0, ""reg_lambda"": 1.0, ""subsample"": 0.85}",10.02572347266881,0.404
xgboost_cfg1_seed42,test,5734,575,0.8021341562271118,0.9451976705967621,0.7230494860451366,0.6728971962616822,0.7513043478260869,0.7099424815119144,4949,210,143,432,failure_pressure_conservative_v2_next_4obs,xgboost,42,"{""colsample_bytree"": 0.85, ""learning_rate"": 0.04, ""max_depth"": 2, ""min_child_weight"": 5, ""n_estimators"": 250, ""reg_alpha"": 0.0, ""reg_lambda"": 1.0, ""subsample"": 0.85}",10.02572347266881,0.404
xgboost_cfg1_seed202,train,17145,1555,0.7801626324653625,0.9661550915852153,0.7812314045807283,0.6637217007178354,0.7729903536977492,0.7142008318478906,14981,609,353,1202,failure_pressure_conservative_v2_next_4obs,xgboost,202,"{""colsample_bytree"": 0.85, ""learning_rate"": 0.04, ""max_depth"": 2, ""min_child_weight"": 5, ""n_estimators"": 250, ""reg_alpha"": 0.0, ""reg_lambda"": 1.0, ""subsample"": 0.85}",10.02572347266881,0.405
xgboost_cfg1_seed202,validation,6029,834,0.7801626324653625,0.9215176463256728,0.6855608047568037,0.6439232409381663,0.7242206235011991,0.6817155756207676,4861,334,230,604,failure_pressure_conservative_v2_next_4obs,xgboost,202,"{""colsample_bytree"": 0.85, ""learning_rate"": 0.04, ""max_depth"": 2, ""min_child_weight"": 5, ""n_estimators"": 250, ""reg_alpha"": 0.0, ""reg_lambda"": 1.0, ""subsample"": 0.85}",10.02572347266881,0.405
xgboost_cfg1_seed202,test,5734,575,0.7801626324653625,0.9463414716367344,0.7348562134973033,0.6582089552238806,0.7669565217391304,0.7084337349397589,4930,229,134,441,failure_pressure_conservative_v2_next_4obs,xgboost,202,"{""colsample_bytree"": 0.85, ""learning_rate"": 0.04, ""max_depth"": 2, ""min_child_weight"": 5, ""n_estimators"": 250, ""reg_alpha"": 0.0, ""reg_lambda"": 1.0, ""subsample"": 0.85}",10.02572347266881,0.405
xgboost_cfg1_seed777,train,17145,1555,0.7770832777023315,0.9656861002085186,0.7789959542693836,0.6629895201323773,0.7729903536977492,0.7137767220902612,14979,611,353,1202,failure_pressure_conservative_v2_next_4obs,xgboost,777,"{""colsample_bytree"": 0.85, ""learning_rate"": 0.04, ""max_depth"": 2, ""min_child_weight"": 5, ""n_estimators"": 250, ""reg_alpha"": 0.0, ""reg_lambda"": 1.0, ""subsample"": 0.85}",10.02572347266881,0.403
xgboost_cfg1_seed777,validation,6029,834,0.7770832777023315,0.9201779288792258,0.6825329954497438,0.6313025210084033,0.7206235011990407,0.6730123180291153,4844,351,233,601,failure_pressure_conservative_v2_next_4obs,xgboost,777,"{""colsample_bytree"": 0.85, ""learning_rate"": 0.04, ""max_depth"": 2, ""min_child_weight"": 5, ""n_estimators"": 250, ""reg_alpha"": 0.0, ""reg_lambda"": 1.0, ""subsample"": 0.85}",10.02572347266881,0.403
xgboost_cfg1_seed777,test,5734,575,0.7770832777023315,0.9446620089838779,0.7283960799953835,0.6501457725947521,0.7756521739130435,0.7073750991276765,4919,240,129,446,failure_pressure_conservative_v2_next_4obs,xgboost,777,"{""colsample_bytree"": 0.85, ""learning_rate"": 0.04, ""max_depth"": 2, ""min_child_weight"": 5, ""n_estimators"": 250, ""reg_alpha"": 0.0, ""reg_lambda"": 1.0, ""subsample"": 0.85}",10.02572347266881,0.403
xgboost_cfg2_seed42,train,17145,1555,0.7676180601119995,0.9806091381027907,0.8495782099696654,0.7295597484276729,0.8205787781350482,0.7723970944309927,15117,473,279,1276,failure_pressure_conservative_v2_next_4obs,xgboost,42,"{""colsample_bytree"": 0.85, ""learning_rate"": 0.03, ""max_depth"": 3, ""min_child_weight"": 8, ""n_estimators"": 400, ""reg_alpha"": 0.05, ""reg_lambda"": 2.0, ""subsample"": 0.85}",10.02572347266881,0.738
xgboost_cfg2_seed42,validation,6029,834,0.7676180601119995,0.9223771704484343,0.7085359554867975,0.6828358208955224,0.658273381294964,0.6703296703296703,4940,255,285,549,failure_pressure_conservative_v2_next_4obs,xgboost,42,"{""colsample_bytree"": 0.85, ""learning_rate"": 0.03, ""max_depth"": 3, ""min_child_weight"": 8, ""n_estimators"": 400, ""reg_alpha"": 0.05, ""reg_lambda"": 2.0, ""subsample"": 0.85}",10.02572347266881,0.738
xgboost_cfg2_seed42,test,5734,575,0.7676180601119995,0.9433331366881009,0.7315620837501544,0.6998313659359191,0.7217391304347827,0.7106164383561644,4981,178,160,415,failure_pressure_conservative_v2_next_4obs,xgboost,42,"{""colsample_bytree"": 0.85, ""learning_rate"": 0.03, ""max_depth"": 3, ""min_child_weight"": 8, ""n_estimators"": 400, ""reg_alpha"": 0.05, ""reg_lambda"": 2.0, ""subsample"": 0.85}",10.02572347266881,0.738
xgboost_cfg2_seed202,train,17145,1555,0.7177125215530396,0.9806577305511613,0.8522289237884138,0.6884992264053635,0.8585209003215434,0.7641671436748712,14986,604,220,1335,failure_pressure_conservative_v2_next_4obs,xgboost,202,"{""colsample_bytree"": 0.85, ""learning_rate"": 0.03, ""max_depth"": 3, ""min_child_weight"": 8, ""n_estimators"": 400, ""reg_alpha"": 0.05, ""reg_lambda"": 2.0, ""subsample"": 0.85}",10.02572347266881,0.72
xgboost_cfg2_seed202,validation,6029,834,0.7177125215530396,0.9221839852468362,0.7040418775375826,0.6503340757238307,0.7002398081534772,0.6743648960739029,4881,314,250,584,failure_pressure_conservative_v2_next_4obs,xgboost,202,"{""colsample_bytree"": 0.85, ""learning_rate"": 0.03, ""max_depth"": 3, ""min_child_weight"": 8, ""n_estimators"": 400, ""reg_alpha"": 0.05, ""reg_lambda"": 2.0, ""subsample"": 0.85}",10.02572347266881,0.72
xgboost_cfg2_seed202,test,5734,575,0.7177125215530396,0.9431345811877934,0.7283524848181692,0.6740157480314961,0.7443478260869565,0.7074380165289256,4952,207,147,428,failure_pressure_conservative_v2_next_4obs,xgboost,202,"{""colsample_bytree"": 0.85, ""learning_rate"": 0.03, ""max_depth"": 3, ""min_child_weight"": 8, ""n_estimators"": 400, ""reg_alpha"": 0.05, ""reg_lambda"": 2.0, ""subsample"": 0.85}",10.02572347266881,0.72
xgboost_cfg2_seed777,train,17145,1555,0.7071561813354492,0.9804824594873869,0.8494660220579027,0.6838347781744009,0.862379421221865,0.7627986348122867,14970,620,214,1341,failure_pressure_conservative_v2_next_4obs,xgboost,777,"{""colsample_bytree"": 0.85, ""learning_rate"": 0.03, ""max_depth"": 3, ""min_child_weight"": 8, ""n_estimators"": 400, ""reg_alpha"": 0.05, ""reg_lambda"": 2.0, ""subsample"": 0.85}",10.02572347266881,0.716
xgboost_cfg2_seed777,validation,6029,834,0.7071561813354492,0.9212069805176071,0.7076205194866239,0.6374458874458875,0.7062350119904077,0.6700796359499431,4860,335,245,589,failure_pressure_conservative_v2_next_4obs,xgboost,777,"{""colsample_bytree"": 0.85, ""learning_rate"": 0.03, ""max_depth"": 3, ""min_child_weight"": 8, ""n_estimators"": 400, ""reg_alpha"": 0.05, ""reg_lambda"": 2.0, ""subsample"": 0.85}",10.02572347266881,0.716
xgboost_cfg2_seed777,test,5734,575,0.7071561813354492,0.9442655721954878,0.7297906549278581,0.6591928251121076,0.7669565217391304,0.7090032154340836,4931,228,134,441,failure_pressure_conservative_v2_next_4obs,xgboost,777,"{""colsample_bytree"": 0.85, ""learning_rate"": 0.03, ""max_depth"": 3, ""min_child_weight"": 8, ""n_estimators"": 400, ""reg_alpha"": 0.05, ""reg_lambda"": 2.0, ""subsample"": 0.85}",10.02572347266881,0.716
xgboost_cfg3_seed42,train,17145,1555,0.7433904409408569,0.9800579561884216,0.8471278125748105,0.7049269085002707,0.8372990353697749,0.7654320987654322,15045,545,253,1302,failure_pressure_conservative_v2_next_4obs,xgboost,42,"{""colsample_bytree"": 0.75, ""learning_rate"": 0.02, ""max_depth"": 3, ""min_child_weight"": 10, ""n_estimators"": 600, ""reg_alpha"": 0.1, ""reg_lambda"": 4.0, ""subsample"": 0.75}",10.02572347266881,1.025
xgboost_cfg3_seed42,validation,6029,834,0.7433904409408569,0.9224457200360981,0.7107853485736754,0.6498881431767338,0.6966426858513189,0.6724537037037036,4882,313,253,581,failure_pressure_conservative_v2_next_4obs,xgboost,42,"{""colsample_bytree"": 0.75, ""learning_rate"": 0.02, ""max_depth"": 3, ""min_child_weight"": 10, ""n_estimators"": 600, ""reg_alpha"": 0.1, ""reg_lambda"": 4.0, ""subsample"": 0.75}",10.02572347266881,1.025
xgboost_cfg3_seed42,test,5734,575,0.7433904409408569,0.9419203249702925,0.7209417402607102,0.6625766871165644,0.7513043478260869,0.7041564792176038,4939,220,143,432,failure_pressure_conservative_v2_next_4obs,xgboost,42,"{""colsample_bytree"": 0.75, ""learning_rate"": 0.02, ""max_depth"": 3, ""min_child_weight"": 10, ""n_estimators"": 600, ""reg_alpha"": 0.1, ""reg_lambda"": 4.0, ""subsample"": 0.75}",10.02572347266881,1.025
xgboost_cfg3_seed202,train,17145,1555,0.762095034122467,0.9800252862231335,0.8455392005339402,0.7212837837837838,0.8237942122186496,0.7691383968778144,15095,495,274,1281,failure_pressure_conservative_v2_next_4obs,xgboost,202,"{""colsample_bytree"": 0.75, ""learning_rate"": 0.02, ""max_depth"": 3, ""min_child_weight"": 10, ""n_estimators"": 600, ""reg_alpha"": 0.1, ""reg_lambda"": 4.0, ""subsample"": 0.75}",10.02572347266881,1.031
xgboost_cfg3_seed202,validation,6029,834,0.762095034122467,0.9228862146086787,0.7080056092855698,0.6666666666666666,0.6810551558752997,0.6737841043890865,4911,284,266,568,failure_pressure_conservative_v2_next_4obs,xgboost,202,"{""colsample_bytree"": 0.75, ""learning_rate"": 0.02, ""max_depth"": 3, ""min_child_weight"": 10, ""n_estimators"": 600, ""reg_alpha"": 0.1, ""reg_lambda"": 4.0, ""subsample"": 0.75}",10.02572347266881,1.031
xgboost_cfg3_seed202,test,5734,575,0.762095034122467,0.9442005107157605,0.7380720054232632,0.690671031096563,0.7339130434782609,0.7116357504215852,4970,189,153,422,failure_pressure_conservative_v2_next_4obs,xgboost,202,"{""colsample_bytree"": 0.75, ""learning_rate"": 0.02, ""max_depth"": 3, ""min_child_weight"": 10, ""n_estimators"": 600, ""reg_alpha"": 0.1, ""reg_lambda"": 4.0, ""subsample"": 0.75}",10.02572347266881,1.031
xgboost_cfg3_seed777,train,17145,1555,0.7493524551391602,0.980122347370006,0.8472969042198739,0.7106849315068493,0.8340836012861736,0.7674556213017751,15062,528,258,1297,failure_pressure_conservative_v2_next_4obs,xgboost,777,"{""colsample_bytree"": 0.75, ""learning_rate"": 0.02, ""max_depth"": 3, ""min_child_weight"": 10, ""n_estimators"": 600, ""reg_alpha"": 0.1, ""reg_lambda"": 4.0, ""subsample"": 0.75}",10.02572347266881,1.031
xgboost_cfg3_seed777,validation,6029,834,0.7493524551391602,0.9213606977747926,0.708928769047796,0.6650998824911868,0.6786570743405276,0.6718100890207716,4910,285,268,566,failure_pressure_conservative_v2_next_4obs,xgboost,777,"{""colsample_bytree"": 0.75, ""learning_rate"": 0.02, ""max_depth"": 3, ""min_child_weight"": 10, ""n_estimators"": 600, ""reg_alpha"": 0.1, ""reg_lambda"": 4.0, ""subsample"": 0.75}",10.02572347266881,1.031
xgboost_cfg3_seed777,test,5734,575,0.7493524551391602,0.9443576021642213,0.7341781491206676,0.6821086261980831,0.7426086956521739,0.711074104912573,4960,199,148,427,failure_pressure_conservative_v2_next_4obs,xgboost,777,"{""colsample_bytree"": 0.75, ""learning_rate"": 0.02, ""max_depth"": 3, ""min_child_weight"": 10, ""n_estimators"": 600, ""reg_alpha"": 0.1, ""reg_lambda"": 4.0, ""subsample"": 0.75}",10.02572347266881,1.031
xgboost_cfg4_seed42,train,17145,1555,0.6857706904411316,0.9905023419662616,0.9150220152035787,0.7441130298273155,0.9144694533762058,0.8205424120023082,15101,489,133,1422,failure_pressure_conservative_v2_next_4obs,xgboost,42,"{""colsample_bytree"": 0.8, ""learning_rate"": 0.035, ""max_depth"": 4, ""min_child_weight"": 6, ""n_estimators"": 350, ""reg_alpha"": 0.05, ""reg_lambda"": 3.0, ""subsample"": 0.8}",10.02572347266881,0.788
xgboost_cfg4_seed42,validation,6029,834,0.6857706904411316,0.9229694204213146,0.7136569065611149,0.6784841075794621,0.6654676258992805,0.671912832929782,4932,263,279,555,failure_pressure_conservative_v2_next_4obs,xgboost,42,"{""colsample_bytree"": 0.8, ""learning_rate"": 0.035, ""max_depth"": 4, ""min_child_weight"": 6, ""n_estimators"": 350, ""reg_alpha"": 0.05, ""reg_lambda"": 3.0, ""subsample"": 0.8}",10.02572347266881,0.788
xgboost_cfg4_seed42,test,5734,575,0.6857706904411316,0.9416784513345187,0.7383147000941213,0.7158273381294964,0.6921739130434783,0.7038019451812556,5001,158,177,398,failure_pressure_conservative_v2_next_4obs,xgboost,42,"{""colsample_bytree"": 0.8, ""learning_rate"": 0.035, ""max_depth"": 4, ""min_child_weight"": 6, ""n_estimators"": 350, ""reg_alpha"": 0.05, ""reg_lambda"": 3.0, ""subsample"": 0.8}",10.02572347266881,0.788
xgboost_cfg4_seed202,train,17145,1555,0.5764725208282471,0.990571497517784,0.9155092054949687,0.6830953477660064,0.9536977491961415,0.7960279119699408,14902,688,72,1483,failure_pressure_conservative_v2_next_4obs,xgboost,202,"{""colsample_bytree"": 0.8, ""learning_rate"": 0.035, ""max_depth"": 4, ""min_child_weight"": 6, ""n_estimators"": 350, ""reg_alpha"": 0.05, ""reg_lambda"": 3.0, ""subsample"": 0.8}",10.02572347266881,0.786
xgboost_cfg4_seed202,validation,6029,834,0.5764725208282471,0.9215326487606835,0.7105387774610212,0.625,0.7194244604316546,0.6688963210702341,4835,360,234,600,failure_pressure_conservative_v2_next_4obs,xgboost,202,"{""colsample_bytree"": 0.8, ""learning_rate"": 0.035, ""max_depth"": 4, ""min_child_weight"": 6, ""n_estimators"": 350, ""reg_alpha"": 0.05, ""reg_lambda"": 3.0, ""subsample"": 0.8}",10.02572347266881,0.786
xgboost_cfg4_seed202,test,5734,575,0.5764725208282471,0.9409379977582444,0.7276265210489105,0.6375545851528385,0.7617391304347826,0.694136291600634,4910,249,137,438,failure_pressure_conservative_v2_next_4obs,xgboost,202,"{""colsample_bytree"": 0.8, ""learning_rate"": 0.035, ""max_depth"": 4, ""min_child_weight"": 6, ""n_estimators"": 350, ""reg_alpha"": 0.05, ""reg_lambda"": 3.0, ""subsample"": 0.8}",10.02572347266881,0.786
xgboost_cfg4_seed777,train,17145,1555,0.6440845727920532,0.9904432926540016,0.9131811237208276,0.7226932668329177,0.9318327974276527,0.8140449438202246,15034,556,106,1449,failure_pressure_conservative_v2_next_4obs,xgboost,777,"{""colsample_bytree"": 0.8, ""learning_rate"": 0.035, ""max_depth"": 4, ""min_child_weight"": 6, ""n_estimators"": 350, ""reg_alpha"": 0.05, ""reg_lambda"": 3.0, ""subsample"": 0.8}",10.02572347266881,0.797
xgboost_cfg4_seed777,validation,6029,834,0.6440845727920532,0.9216448208132244,0.7118706280945769,0.6542372881355932,0.6942446043165468,0.6736474694589878,4889,306,255,579,failure_pressure_conservative_v2_next_4obs,xgboost,777,"{""colsample_bytree"": 0.8, ""learning_rate"": 0.035, ""max_depth"": 4, ""min_child_weight"": 6, ""n_estimators"": 350, ""reg_alpha"": 0.05, ""reg_lambda"": 3.0, ""subsample"": 0.8}",10.02572347266881,0.797
xgboost_cfg4_seed777,test,5734,575,0.6440845727920532,0.9422442839444787,0.7331733965905856,0.6838709677419355,0.7373913043478261,0.7096234309623431,4963,196,151,424,failure_pressure_conservative_v2_next_4obs,xgboost,777,"{""colsample_bytree"": 0.8, ""learning_rate"": 0.035, ""max_depth"": 4, ""min_child_weight"": 6, ""n_estimators"": 350, ""reg_alpha"": 0.05, ""reg_lambda"": 3.0, ""subsample"": 0.8}",10.02572347266881,0.797
lightgbm_cfg1_seed42,train,17145,1555,0.6795893413707274,0.9923836905923288,0.9228286902620686,0.7594412829798242,0.9440514469453376,0.841743119266055,15125,465,87,1468,failure_pressure_conservative_v2_next_4obs,lightgbm,42,"{""colsample_bytree"": 0.85, ""learning_rate"": 0.04, ""min_child_samples"": 40, ""n_estimators"": 250, ""num_leaves"": 15, ""reg_alpha"": 0.0, ""reg_lambda"": 1.0, ""subsample"": 0.85}",10.02572347266881,1.148
lightgbm_cfg1_seed42,validation,6029,834,0.6795893413707274,0.9233336333820336,0.7135604897585299,0.6783625730994152,0.6954436450839329,0.6867969212551807,4920,275,254,580,failure_pressure_conservative_v2_next_4obs,lightgbm,42,"{""colsample_bytree"": 0.85, ""learning_rate"": 0.04, ""min_child_samples"": 40, ""n_estimators"": 250, ""num_leaves"": 15, ""reg_alpha"": 0.0, ""reg_lambda"": 1.0, ""subsample"": 0.85}",10.02572347266881,1.148
lightgbm_cfg1_seed42,test,5734,575,0.6795893413707274,0.9441550013905627,0.7397811352879803,0.7215189873417721,0.6939130434782609,0.7074468085106382,5005,154,176,399,failure_pressure_conservative_v2_next_4obs,lightgbm,42,"{""colsample_bytree"": 0.85, ""learning_rate"": 0.04, ""min_child_samples"": 40, ""n_estimators"": 250, ""num_leaves"": 15, ""reg_alpha"": 0.0, ""reg_lambda"": 1.0, ""subsample"": 0.85}",10.02572347266881,1.148
lightgbm_cfg1_seed202,train,17145,1555,0.6611268136606124,0.9922996231816504,0.9241972414300161,0.7449596774193549,0.9504823151125402,0.8352641989262504,15084,506,77,1478,failure_pressure_conservative_v2_next_4obs,lightgbm,202,"{""colsample_bytree"": 0.85, ""learning_rate"": 0.04, ""min_child_samples"": 40, ""n_estimators"": 250, ""num_leaves"": 15, ""reg_alpha"": 0.0, ""reg_lambda"": 1.0, ""subsample"": 0.85}",10.02572347266881,1.129
lightgbm_cfg1_seed202,validation,6029,834,0.6611268136606124,0.924917659712461,0.7184183956842384,0.6817640047675805,0.6858513189448441,0.6838015540944411,4928,267,262,572,failure_pressure_conservative_v2_next_4obs,lightgbm,202,"{""colsample_bytree"": 0.85, ""learning_rate"": 0.04, ""min_child_samples"": 40, ""n_estimators"": 250, ""num_leaves"": 15, ""reg_alpha"": 0.0, ""reg_lambda"": 1.0, ""subsample"": 0.85}",10.02572347266881,1.129
lightgbm_cfg1_seed202,test,5734,575,0.6611268136606124,0.9407482070168637,0.7256824586647493,0.7006920415224913,0.7043478260869566,0.7025151777970512,4986,173,170,405,failure_pressure_conservative_v2_next_4obs,lightgbm,202,"{""colsample_bytree"": 0.85, ""learning_rate"": 0.04, ""min_child_samples"": 40, ""n_estimators"": 250, ""num_leaves"": 15, ""reg_alpha"": 0.0, ""reg_lambda"": 1.0, ""subsample"": 0.85}",10.02572347266881,1.129
lightgbm_cfg1_seed777,train,17145,1555,0.6346444640679128,0.9922862994458068,0.9236277909985995,0.7289628180039139,0.9581993569131833,0.828007779938872,15036,554,65,1490,failure_pressure_conservative_v2_next_4obs,lightgbm,777,"{""colsample_bytree"": 0.85, ""learning_rate"": 0.04, ""min_child_samples"": 40, ""n_estimators"": 250, ""num_leaves"": 15, ""reg_alpha"": 0.0, ""reg_lambda"": 1.0, ""subsample"": 0.85}",10.02572347266881,1.137
lightgbm_cfg1_seed777,validation,6029,834,0.6346444640679128,0.925109229267212,0.7197414211855858,0.6494505494505495,0.7086330935251799,0.6777522935779817,4876,319,243,591,failure_pressure_conservative_v2_next_4obs,lightgbm,777,"{""colsample_bytree"": 0.85, ""learning_rate"": 0.04, ""min_child_samples"": 40, ""n_estimators"": 250, ""num_leaves"": 15, ""reg_alpha"": 0.0, ""reg_lambda"": 1.0, ""subsample"": 0.85}",10.02572347266881,1.137
lightgbm_cfg1_seed777,test,5734,575,0.6346444640679128,0.9420180857429398,0.735753763455698,0.7052810902896082,0.72,0.7125645438898449,4986,173,161,414,failure_pressure_conservative_v2_next_4obs,lightgbm,777,"{""colsample_bytree"": 0.85, ""learning_rate"": 0.04, ""min_child_samples"": 40, ""n_estimators"": 250, ""num_leaves"": 15, ""reg_alpha"": 0.0, ""reg_lambda"": 1.0, ""subsample"": 0.85}",10.02572347266881,1.137
lightgbm_cfg2_seed42,train,17145,1555,0.3857694448738055,0.999536927992014,0.9947829725424926,0.7690405539070228,1.0,0.8694436678781101,15123,467,0,1555,failure_pressure_conservative_v2_next_4obs,lightgbm,42,"{""colsample_bytree"": 0.85, ""learning_rate"": 0.03, ""min_child_samples"": 60, ""n_estimators"": 400, ""num_leaves"": 31, ""reg_alpha"": 0.05, ""reg_lambda"": 2.0, ""subsample"": 0.85}",10.02572347266881,3.307
lightgbm_cfg2_seed42,validation,6029,834,0.3857694448738055,0.9217387591370599,0.7199838630104877,0.6515986769570011,0.7086330935251799,0.6789201608271109,4879,316,243,591,failure_pressure_conservative_v2_next_4obs,lightgbm,42,"{""colsample_bytree"": 0.85, ""learning_rate"": 0.03, ""min_child_samples"": 60, ""n_estimators"": 400, ""num_leaves"": 31, ""reg_alpha"": 0.05, ""reg_lambda"": 2.0, ""subsample"": 0.85}",10.02572347266881,3.307
lightgbm_cfg2_seed42,test,5734,575,0.3857694448738055,0.9412440901084639,0.7365403658172114,0.7058823529411765,0.7304347826086957,0.7179487179487181,4984,175,155,420,failure_pressure_conservative_v2_next_4obs,lightgbm,42,"{""colsample_bytree"": 0.85, ""learning_rate"": 0.03, ""min_child_samples"": 60, ""n_estimators"": 400, ""num_leaves"": 31, ""reg_alpha"": 0.05, ""reg_lambda"": 2.0, ""subsample"": 0.85}",10.02572347266881,3.307
lightgbm_cfg2_seed202,train,17145,1555,0.308671203021989,0.9995696804572145,0.9951797247569267,0.7159300184162063,1.0,0.8344513013147303,14973,617,0,1555,failure_pressure_conservative_v2_next_4obs,lightgbm,202,"{""colsample_bytree"": 0.85, ""learning_rate"": 0.03, ""min_child_samples"": 60, ""n_estimators"": 400, ""num_leaves"": 31, ""reg_alpha"": 0.05, ""reg_lambda"": 2.0, ""subsample"": 0.85}",10.02572347266881,3.291
lightgbm_cfg2_seed202,validation,6029,834,0.308671203021989,0.9215504208760038,0.7196132995482787,0.6313131313131313,0.749400479616307,0.6853070175438596,4830,365,209,625,failure_pressure_conservative_v2_next_4obs,lightgbm,202,"{""colsample_bytree"": 0.85, ""learning_rate"": 0.03, ""min_child_samples"": 60, ""n_estimators"": 400, ""num_leaves"": 31, ""reg_alpha"": 0.05, ""reg_lambda"": 2.0, ""subsample"": 0.85}",10.02572347266881,3.291
lightgbm_cfg2_seed202,test,5734,575,0.308671203021989,0.9404448115155448,0.7406533834844826,0.6770670826833073,0.7547826086956522,0.7138157894736841,4952,207,141,434,failure_pressure_conservative_v2_next_4obs,lightgbm,202,"{""colsample_bytree"": 0.85, ""learning_rate"": 0.03, ""min_child_samples"": 60, ""n_estimators"": 400, ""num_leaves"": 31, ""reg_alpha"": 0.05, ""reg_lambda"": 2.0, ""subsample"": 0.85}",10.02572347266881,3.291
lightgbm_cfg2_seed777,train,17145,1555,0.5023893257885381,0.9995372579916634,0.9949017601980288,0.8396328293736501,1.0,0.9128265336072792,15293,297,0,1555,failure_pressure_conservative_v2_next_4obs,lightgbm,777,"{""colsample_bytree"": 0.85, ""learning_rate"": 0.03, ""min_child_samples"": 60, ""n_estimators"": 400, ""num_leaves"": 31, ""reg_alpha"": 0.05, ""reg_lambda"": 2.0, ""subsample"": 0.85}",10.02572347266881,3.306
lightgbm_cfg2_seed777,validation,6029,834,0.5023893257885381,0.9228064708964301,0.7191501217715625,0.6920199501246883,0.6654676258992805,0.6784841075794621,4948,247,279,555,failure_pressure_conservative_v2_next_4obs,lightgbm,777,"{""colsample_bytree"": 0.85, ""learning_rate"": 0.03, ""min_child_samples"": 60, ""n_estimators"": 400, ""num_leaves"": 31, ""reg_alpha"": 0.05, ""reg_lambda"": 2.0, ""subsample"": 0.85}",10.02572347266881,3.306
lightgbm_cfg2_seed777,test,5734,575,0.5023893257885381,0.9427223004121121,0.7413176971564389,0.7326923076923076,0.662608695652174,0.6958904109589041,5020,139,194,381,failure_pressure_conservative_v2_next_4obs,lightgbm,777,"{""colsample_bytree"": 0.85, ""learning_rate"": 0.03, ""min_child_samples"": 60, ""n_estimators"": 400, ""num_leaves"": 31, ""reg_alpha"": 0.05, ""reg_lambda"": 2.0, ""subsample"": 0.85}",10.02572347266881,3.306
lightgbm_cfg3_seed42,train,17145,1555,0.34602525337245027,0.9992599345363196,0.9916230602465266,0.7303898543917332,1.0,0.8441910966340934,15016,574,0,1555,failure_pressure_conservative_v2_next_4obs,lightgbm,42,"{""colsample_bytree"": 0.75, ""learning_rate"": 0.02, ""min_child_samples"": 80, ""n_estimators"": 600, ""num_leaves"": 31, ""reg_alpha"": 0.1, ""reg_lambda"": 4.0, ""subsample"": 0.75}",10.02572347266881,4.815
lightgbm_cfg3_seed42,validation,6029,834,0.34602525337245027,0.9211929013093664,0.7185782487471416,0.6202783300198808,0.7482014388489209,0.6782608695652174,4813,382,210,624,failure_pressure_conservative_v2_next_4obs,lightgbm,42,"{""colsample_bytree"": 0.75, ""learning_rate"": 0.02, ""min_child_samples"": 80, ""n_estimators"": 600, ""num_leaves"": 31, ""reg_alpha"": 0.1, ""reg_lambda"": 4.0, ""subsample"": 0.75}",10.02572347266881,4.815
lightgbm_cfg3_seed42,test,5734,575,0.34602525337245027,0.9420362894730188,0.7450358447146649,0.6553254437869822,0.7704347826086957,0.7082334132693846,4926,233,132,443,failure_pressure_conservative_v2_next_4obs,lightgbm,42,"{""colsample_bytree"": 0.75, ""learning_rate"": 0.02, ""min_child_samples"": 80, ""n_estimators"": 600, ""num_leaves"": 31, ""reg_alpha"": 0.1, ""reg_lambda"": 4.0, ""subsample"": 0.75}",10.02572347266881,4.815
lightgbm_cfg3_seed202,train,17145,1555,0.3466520360643862,0.9993189632236016,0.9922664510826666,0.7297043641482872,1.0,0.8437330439500814,15014,576,0,1555,failure_pressure_conservative_v2_next_4obs,lightgbm,202,"{""colsample_bytree"": 0.75, ""learning_rate"": 0.02, ""min_child_samples"": 80, ""n_estimators"": 600, ""num_leaves"": 31, ""reg_alpha"": 0.1, ""reg_lambda"": 4.0, ""subsample"": 0.75}",10.02572347266881,4.822
lightgbm_cfg3_seed202,validation,6029,834,0.3466520360643862,0.9192875920630194,0.7173807538736023,0.6150832517140059,0.7529976019184652,0.677088948787062,4802,393,206,628,failure_pressure_conservative_v2_next_4obs,lightgbm,202,"{""colsample_bytree"": 0.75, ""learning_rate"": 0.02, ""min_child_samples"": 80, ""n_estimators"": 600, ""num_leaves"": 31, ""reg_alpha"": 0.1, ""reg_lambda"": 4.0, ""subsample"": 0.75}",10.02572347266881,4.822
lightgbm_cfg3_seed202,test,5734,575,0.3466520360643862,0.9430159198361664,0.7456063742497379,0.6616989567809239,0.7721739130434783,0.7126805778491172,4932,227,131,444,failure_pressure_conservative_v2_next_4obs,lightgbm,202,"{""colsample_bytree"": 0.75, ""learning_rate"": 0.02, ""min_child_samples"": 80, ""n_estimators"": 600, ""num_leaves"": 31, ""reg_alpha"": 0.1, ""reg_lambda"": 4.0, ""subsample"": 0.75}",10.02572347266881,4.822
lightgbm_cfg3_seed777,train,17145,1555,0.41610355678325345,0.999271072024486,0.9917874585236894,0.7690405539070228,1.0,0.8694436678781101,15123,467,0,1555,failure_pressure_conservative_v2_next_4obs,lightgbm,777,"{""colsample_bytree"": 0.75, ""learning_rate"": 0.02, ""min_child_samples"": 80, ""n_estimators"": 600, ""num_leaves"": 31, ""reg_alpha"": 0.1, ""reg_lambda"": 4.0, ""subsample"": 0.75}",10.02572347266881,4.844
lightgbm_cfg3_seed777,validation,6029,834,0.41610355678325345,0.9222675372695108,0.7197039951731928,0.6487647690655209,0.7242206235011991,0.6844192634560907,4868,327,230,604,failure_pressure_conservative_v2_next_4obs,lightgbm,777,"{""colsample_bytree"": 0.75, ""learning_rate"": 0.02, ""min_child_samples"": 80, ""n_estimators"": 600, ""num_leaves"": 31, ""reg_alpha"": 0.1, ""reg_lambda"": 4.0, ""subsample"": 0.75}",10.02572347266881,4.844
lightgbm_cfg3_seed777,test,5734,575,0.41610355678325345,0.9404926805835306,0.7430146756918081,0.6799363057324841,0.7426086956521739,0.709891936824605,4958,201,148,427,failure_pressure_conservative_v2_next_4obs,lightgbm,777,"{""colsample_bytree"": 0.75, ""learning_rate"": 0.02, ""min_child_samples"": 80, ""n_estimators"": 600, ""num_leaves"": 31, ""reg_alpha"": 0.1, ""reg_lambda"": 4.0, ""subsample"": 0.75}",10.02572347266881,4.844
lightgbm_cfg4_seed42,train,17145,1555,0.35455306705270573,1.0,1.0,0.9384429692214846,1.0,0.9682440846824408,15488,102,0,1555,failure_pressure_conservative_v2_next_4obs,lightgbm,42,"{""colsample_bytree"": 0.8, ""learning_rate"": 0.035, ""min_child_samples"": 60, ""n_estimators"": 350, ""num_leaves"": 63, ""reg_alpha"": 0.05, ""reg_lambda"": 3.0, ""subsample"": 0.8}",10.02572347266881,5.509
lightgbm_cfg4_seed42,validation,6029,834,0.35455306705270573,0.9203836930455636,0.7216681485680139,0.6720183486238532,0.7026378896882494,0.6869871043376319,4909,286,248,586,failure_pressure_conservative_v2_next_4obs,lightgbm,42,"{""colsample_bytree"": 0.8, ""learning_rate"": 0.035, ""min_child_samples"": 60, ""n_estimators"": 350, ""num_leaves"": 63, ""reg_alpha"": 0.05, ""reg_lambda"": 3.0, ""subsample"": 0.8}",10.02572347266881,5.509
lightgbm_cfg4_seed42,test,5734,575,0.35455306705270573,0.9399610642439974,0.7390715018231307,0.7170138888888888,0.7182608695652174,0.7176368375325802,4996,163,162,413,failure_pressure_conservative_v2_next_4obs,lightgbm,42,"{""colsample_bytree"": 0.8, ""learning_rate"": 0.035, ""min_child_samples"": 60, ""n_estimators"": 350, ""num_leaves"": 63, ""reg_alpha"": 0.05, ""reg_lambda"": 3.0, ""subsample"": 0.8}",10.02572347266881,5.509
lightgbm_cfg4_seed202,train,17145,1555,0.2851068887404536,1.0,1.0,0.9030197444831591,1.0,0.9490387549588037,15423,167,0,1555,failure_pressure_conservative_v2_next_4obs,lightgbm,202,"{""colsample_bytree"": 0.8, ""learning_rate"": 0.035, ""min_child_samples"": 60, ""n_estimators"": 350, ""num_leaves"": 63, ""reg_alpha"": 0.05, ""reg_lambda"": 3.0, ""subsample"": 0.8}",10.02572347266881,5.514
lightgbm_cfg4_seed202,validation,6029,834,0.2851068887404536,0.9221687520051332,0.718367141123742,0.6469321851453176,0.7206235011990407,0.681792399319342,4867,328,233,601,failure_pressure_conservative_v2_next_4obs,lightgbm,202,"{""colsample_bytree"": 0.8, ""learning_rate"": 0.035, ""min_child_samples"": 60, ""n_estimators"": 350, ""num_leaves"": 63, ""reg_alpha"": 0.05, ""reg_lambda"": 3.0, ""subsample"": 0.8}",10.02572347266881,5.514
lightgbm_cfg4_seed202,test,5734,575,0.2851068887404536,0.9411979065710409,0.7410092675164762,0.7060702875399361,0.768695652173913,0.736053288925895,4975,184,133,442,failure_pressure_conservative_v2_next_4obs,lightgbm,202,"{""colsample_bytree"": 0.8, ""learning_rate"": 0.035, ""min_child_samples"": 60, ""n_estimators"": 350, ""num_leaves"": 63, ""reg_alpha"": 0.05, ""reg_lambda"": 3.0, ""subsample"": 0.8}",10.02572347266881,5.514
lightgbm_cfg4_seed777,train,17145,1555,0.2598461029486745,1.0,1.0,0.8855353075170843,1.0,0.9392932648746602,15389,201,0,1555,failure_pressure_conservative_v2_next_4obs,lightgbm,777,"{""colsample_bytree"": 0.8, ""learning_rate"": 0.035, ""min_child_samples"": 60, ""n_estimators"": 350, ""num_leaves"": 63, ""reg_alpha"": 0.05, ""reg_lambda"": 3.0, ""subsample"": 0.8}",10.02572347266881,5.516
lightgbm_cfg4_seed777,validation,6029,834,0.2598461029486745,0.9219552558145978,0.7186171277345212,0.6353187042842215,0.7290167865707434,0.6789503070910106,4846,349,226,608,failure_pressure_conservative_v2_next_4obs,lightgbm,777,"{""colsample_bytree"": 0.8, ""learning_rate"": 0.035, ""min_child_samples"": 60, ""n_estimators"": 350, ""num_leaves"": 63, ""reg_alpha"": 0.05, ""reg_lambda"": 3.0, ""subsample"": 0.8}",10.02572347266881,5.516
lightgbm_cfg4_seed777,test,5734,575,0.2598461029486745,0.9417167128782962,0.7340984583144123,0.6822429906542056,0.7617391304347826,0.7198027937551356,4955,204,137,438,failure_pressure_conservative_v2_next_4obs,lightgbm,777,"{""colsample_bytree"": 0.8, ""learning_rate"": 0.035, ""min_child_samples"": 60, ""n_estimators"": 350, ""num_leaves"": 63, ""reg_alpha"": 0.05, ""reg_lambda"": 3.0, ""subsample"": 0.8}",10.02572347266881,5.516
xgboost_cfg1_seed42,train,11058,7029,0.4519273042678833,0.9663234514628808,0.9776735866286687,0.9181568088033012,0.949637217242851,0.9336317224980767,3434,595,354,6675,success_resilience_next_4q,xgboost,42,"{""colsample_bytree"": 0.85, ""learning_rate"": 0.04, ""max_depth"": 2, ""min_child_weight"": 5, ""n_estimators"": 250, ""reg_alpha"": 0.0, ""reg_lambda"": 1.0, ""subsample"": 0.85}",0.5731967562953478,0.331
xgboost_cfg1_seed42,validation,4190,2414,0.4519273042678833,0.9425263991207444,0.9415069507948288,0.8885793871866295,0.9250207125103562,0.9064339354576821,1496,280,181,2233,success_resilience_next_4q,xgboost,42,"{""colsample_bytree"": 0.85, ""learning_rate"": 0.04, ""max_depth"": 2, ""min_child_weight"": 5, ""n_estimators"": 250, ""reg_alpha"": 0.0, ""reg_lambda"": 1.0, ""subsample"": 0.85}",0.5731967562953478,0.331
xgboost_cfg1_seed42,test,4046,2647,0.4519273042678833,0.9616345854465101,0.971564738469102,0.9400379506641366,0.9357763505855685,0.9379023097311624,1241,158,170,2477,success_resilience_next_4q,xgboost,42,"{""colsample_bytree"": 0.85, ""learning_rate"": 0.04, ""max_depth"": 2, ""min_child_weight"": 5, ""n_estimators"": 250, ""reg_alpha"": 0.0, ""reg_lambda"": 1.0, ""subsample"": 0.85}",0.5731967562953478,0.331
xgboost_cfg1_seed202,train,11058,7029,0.5013493895530701,0.9665375769588536,0.9782520631114279,0.9257807029827755,0.9405320813771518,0.9330980945659844,3499,530,418,6611,success_resilience_next_4q,xgboost,202,"{""colsample_bytree"": 0.85, ""learning_rate"": 0.04, ""max_depth"": 2, ""min_child_weight"": 5, ""n_estimators"": 250, ""reg_alpha"": 0.0, ""reg_lambda"": 1.0, ""subsample"": 0.85}",0.5731967562953478,0.329
xgboost_cfg1_seed202,validation,4190,2414,0.5013493895530701,0.9420780945610067,0.9401690993530434,0.8980503655564581,0.915907207953604,0.9068908941755537,1525,251,203,2211,success_resilience_next_4q,xgboost,202,"{""colsample_bytree"": 0.85, ""learning_rate"": 0.04, ""max_depth"": 2, ""min_child_weight"": 5, ""n_estimators"": 250, ""reg_alpha"": 0.0, ""reg_lambda"": 1.0, ""subsample"": 0.85}",0.5731967562953478,0.329
xgboost_cfg1_seed202,test,4046,2647,0.5013493895530701,0.9609891894825842,0.9710167055061624,0.9439721792890263,0.9229316207026823,0.9333333333333333,1254,145,204,2443,success_resilience_next_4q,xgboost,202,"{""colsample_bytree"": 0.85, ""learning_rate"": 0.04, ""max_depth"": 2, ""min_child_weight"": 5, ""n_estimators"": 250, ""reg_alpha"": 0.0, ""reg_lambda"": 1.0, ""subsample"": 0.85}",0.5731967562953478,0.329
xgboost_cfg1_seed777,train,11058,7029,0.4726468324661255,0.9662368867113342,0.9776686865228645,0.9208922139096702,0.9456537203016077,0.9331087246437846,3458,571,382,6647,success_resilience_next_4q,xgboost,777,"{""colsample_bytree"": 0.85, ""learning_rate"": 0.04, ""max_depth"": 2, ""min_child_weight"": 5, ""n_estimators"": 250, ""reg_alpha"": 0.0, ""reg_lambda"": 1.0, ""subsample"": 0.85}",0.5731967562953478,0.326
xgboost_cfg1_seed777,validation,4190,2414,0.4726468324661255,0.9420691144748725,0.9400172529750084,0.8913392141138733,0.9208782104391052,0.9058679706601467,1505,271,191,2223,success_resilience_next_4q,xgboost,777,"{""colsample_bytree"": 0.85, ""learning_rate"": 0.04, ""max_depth"": 2, ""min_child_weight"": 5, ""n_estimators"": 250, ""reg_alpha"": 0.0, ""reg_lambda"": 1.0, ""subsample"": 0.85}",0.5731967562953478,0.326
xgboost_cfg1_seed777,test,4046,2647,0.4726468324661255,0.9608287856321355,0.9704992857031909,0.9415137614678899,0.9304873441632037,0.9359680790423712,1246,153,184,2463,success_resilience_next_4q,xgboost,777,"{""colsample_bytree"": 0.85, ""learning_rate"": 0.04, ""max_depth"": 2, ""min_child_weight"": 5, ""n_estimators"": 250, ""reg_alpha"": 0.0, ""reg_lambda"": 1.0, ""subsample"": 0.85}",0.5731967562953478,0.326
xgboost_cfg2_seed42,train,11058,7029,0.4838354289531708,0.9789610400708111,0.9873158794227384,0.9406302757456387,0.9512021624697681,0.945886680342364,3607,422,343,6686,success_resilience_next_4q,xgboost,42,"{""colsample_bytree"": 0.85, ""learning_rate"": 0.03, ""max_depth"": 3, ""min_child_weight"": 8, ""n_estimators"": 400, ""reg_alpha"": 0.05, ""reg_lambda"": 2.0, ""subsample"": 0.85}",0.5731967562953478,0.63
xgboost_cfg2_seed42,validation,4190,2414,0.4838354289531708,0.9449448412787269,0.9468869902088138,0.893574297188755,0.9217067108533554,0.9074225122349103,1511,265,189,2225,success_resilience_next_4q,xgboost,42,"{""colsample_bytree"": 0.85, ""learning_rate"": 0.03, ""max_depth"": 3, ""min_child_weight"": 8, ""n_estimators"": 400, ""reg_alpha"": 0.05, ""reg_lambda"": 2.0, ""subsample"": 0.85}",0.5731967562953478,0.63
xgboost_cfg2_seed42,test,4046,2647,0.4838354289531708,0.964366581667028,0.972323792162759,0.9410631741140215,0.9229316207026823,0.9319092122830439,1246,153,204,2443,success_resilience_next_4q,xgboost,42,"{""colsample_bytree"": 0.85, ""learning_rate"": 0.03, ""max_depth"": 3, ""min_child_weight"": 8, ""n_estimators"": 400, ""reg_alpha"": 0.05, ""reg_lambda"": 2.0, ""subsample"": 0.85}",0.5731967562953478,0.63
xgboost_cfg2_seed202,train,11058,7029,0.3970522880554199,0.9790163546469063,0.9874815960453145,0.9277207392197125,0.9641485275288092,0.945583926329008,3501,528,252,6777,success_resilience_next_4q,xgboost,202,"{""colsample_bytree"": 0.85, ""learning_rate"": 0.03, ""max_depth"": 3, ""min_child_weight"": 8, ""n_estimators"": 400, ""reg_alpha"": 0.05, ""reg_lambda"": 2.0, ""subsample"": 0.85}",0.5731967562953478,0.629
xgboost_cfg2_seed202,validation,4190,2414,0.3970522880554199,0.9446761384416728,0.9461218182035249,0.8775115919629057,0.9407622203811102,0.9080367852858856,1459,317,143,2271,success_resilience_next_4q,xgboost,202,"{""colsample_bytree"": 0.85, ""learning_rate"": 0.03, ""max_depth"": 3, ""min_child_weight"": 8, ""n_estimators"": 400, ""reg_alpha"": 0.05, ""reg_lambda"": 2.0, ""subsample"": 0.85}",0.5731967562953478,0.629
xgboost_cfg2_seed202,test,4046,2647,0.3970522880554199,0.9642596457667291,0.9733308577473132,0.9353869271224643,0.9406875708349074,0.938029760783575,1227,172,157,2490,success_resilience_next_4q,xgboost,202,"{""colsample_bytree"": 0.85, ""learning_rate"": 0.03, ""max_depth"": 3, ""min_child_weight"": 8, ""n_estimators"": 400, ""reg_alpha"": 0.05, ""reg_lambda"": 2.0, ""subsample"": 0.85}",0.5731967562953478,0.629
xgboost_cfg2_seed777,train,11058,7029,0.46863675117492676,0.9788362159236699,0.9872946441751144,0.9373426573426573,0.953478446436193,0.945341702517808,3581,448,327,6702,success_resilience_next_4q,xgboost,777,"{""colsample_bytree"": 0.85, ""learning_rate"": 0.03, ""max_depth"": 3, ""min_child_weight"": 8, ""n_estimators"": 400, ""reg_alpha"": 0.05, ""reg_lambda"": 2.0, ""subsample"": 0.85}",0.5731967562953478,0.663
xgboost_cfg2_seed777,validation,4190,2414,0.46863675117492676,0.9449182508938102,0.9481061241009369,0.8911483253588517,0.9258492129246064,0.9081674116212922,1503,273,179,2235,success_resilience_next_4q,xgboost,777,"{""colsample_bytree"": 0.85, ""learning_rate"": 0.03, ""max_depth"": 3, ""min_child_weight"": 8, ""n_estimators"": 400, ""reg_alpha"": 0.05, ""reg_lambda"": 2.0, ""subsample"": 0.85}",0.5731967562953478,0.663
xgboost_cfg2_seed777,test,4046,2647,0.46863675117492676,0.9642653166099268,0.9725761725907087,0.9405902644691453,0.927087268605969,0.9337899543378996,1244,155,193,2454,success_resilience_next_4q,xgboost,777,"{""colsample_bytree"": 0.85, ""learning_rate"": 0.03, ""max_depth"": 3, ""min_child_weight"": 8, ""n_estimators"": 400, ""reg_alpha"": 0.05, ""reg_lambda"": 2.0, ""subsample"": 0.85}",0.5731967562953478,0.663
xgboost_cfg3_seed42,train,11058,7029,0.4440349042415619,0.9776632043944031,0.9865324274414794,0.9332593312057722,0.9568928723858301,0.9449283506602978,3548,481,303,6726,success_resilience_next_4q,xgboost,42,"{""colsample_bytree"": 0.75, ""learning_rate"": 0.02, ""max_depth"": 3, ""min_child_weight"": 10, ""n_estimators"": 600, ""reg_alpha"": 0.1, ""reg_lambda"": 4.0, ""subsample"": 0.75}",0.5731967562953478,0.915
xgboost_cfg3_seed42,validation,4190,2414,0.4440349042415619,0.9444790430447015,0.9446136444380314,0.8866060845515606,0.9295774647887324,0.9075834175935288,1489,287,170,2244,success_resilience_next_4q,xgboost,42,"{""colsample_bytree"": 0.75, ""learning_rate"": 0.02, ""max_depth"": 3, ""min_child_weight"": 10, ""n_estimators"": 600, ""reg_alpha"": 0.1, ""reg_lambda"": 4.0, ""subsample"": 0.75}",0.5731967562953478,0.915
xgboost_cfg3_seed42,test,4046,2647,0.4440349042415619,0.9639569307560342,0.9731241366164819,0.9402814758463294,0.9338874197204382,0.9370735405610311,1242,157,175,2472,success_resilience_next_4q,xgboost,42,"{""colsample_bytree"": 0.75, ""learning_rate"": 0.02, ""max_depth"": 3, ""min_child_weight"": 10, ""n_estimators"": 600, ""reg_alpha"": 0.1, ""reg_lambda"": 4.0, ""subsample"": 0.75}",0.5731967562953478,0.915
xgboost_cfg3_seed202,train,11058,7029,0.47030019760131836,0.9776518695850023,0.9865269020157946,0.9368877693814721,0.9524825722008821,0.9446208112874779,3578,451,334,6695,success_resilience_next_4q,xgboost,202,"{""colsample_bytree"": 0.75, ""learning_rate"": 0.02, ""max_depth"": 3, ""min_child_weight"": 10, ""n_estimators"": 600, ""reg_alpha"": 0.1, ""reg_lambda"": 4.0, ""subsample"": 0.75}",0.5731967562953478,0.907
xgboost_cfg3_seed202,validation,4190,2414,0.47030019760131836,0.9442488262910799,0.9453103946061739,0.890793144679155,0.9258492129246064,0.9079829372333942,1502,274,179,2235,success_resilience_next_4q,xgboost,202,"{""colsample_bytree"": 0.75, ""learning_rate"": 0.02, ""max_depth"": 3, ""min_child_weight"": 10, ""n_estimators"": 600, ""reg_alpha"": 0.1, ""reg_lambda"": 4.0, ""subsample"": 0.75}",0.5731967562953478,0.907
xgboost_cfg3_seed202,test,4046,2647,0.47030019760131836,0.9641370475375984,0.9737180989113574,0.9403441682600382,0.9289761994710993,0.9346256176358798,1243,156,188,2459,success_resilience_next_4q,xgboost,202,"{""colsample_bytree"": 0.75, ""learning_rate"": 0.02, ""max_depth"": 3, ""min_child_weight"": 10, ""n_estimators"": 600, ""reg_alpha"": 0.1, ""reg_lambda"": 4.0, ""subsample"": 0.75}",0.5731967562953478,0.907
xgboost_cfg3_seed777,train,11058,7029,0.42772015929222107,0.9775754920375437,0.9864570832743776,0.9315352697095436,0.9581732821169441,0.9446665264043762,3534,495,294,6735,success_resilience_next_4q,xgboost,777,"{""colsample_bytree"": 0.75, ""learning_rate"": 0.02, ""max_depth"": 3, ""min_child_weight"": 10, ""n_estimators"": 600, ""reg_alpha"": 0.1, ""reg_lambda"": 4.0, ""subsample"": 0.75}",0.5731967562953478,0.91
xgboost_cfg3_seed777,validation,4190,2414,0.42772015929222107,0.9445993995237989,0.9455670106650427,0.8857818038597873,0.9316487158243579,0.9081364829396326,1486,290,165,2249,success_resilience_next_4q,xgboost,777,"{""colsample_bytree"": 0.75, ""learning_rate"": 0.02, ""max_depth"": 3, ""min_child_weight"": 10, ""n_estimators"": 600, ""reg_alpha"": 0.1, ""reg_lambda"": 4.0, ""subsample"": 0.75}",0.5731967562953478,0.91
xgboost_cfg3_seed777,test,4046,2647,0.42772015929222107,0.9637315822489645,0.9730922085505567,0.9391866210566324,0.9335096335474121,0.9363395225464191,1239,160,176,2471,success_resilience_next_4q,xgboost,777,"{""colsample_bytree"": 0.75, ""learning_rate"": 0.02, ""max_depth"": 3, ""min_child_weight"": 10, ""n_estimators"": 600, ""reg_alpha"": 0.1, ""reg_lambda"": 4.0, ""subsample"": 0.75}",0.5731967562953478,0.91
xgboost_cfg4_seed42,train,11058,7029,0.3523406982421875,0.9873465744387477,0.9926928101365222,0.9366466411796832,0.9759567506046379,0.9558977217306486,3565,464,169,6860,success_resilience_next_4q,xgboost,42,"{""colsample_bytree"": 0.8, ""learning_rate"": 0.035, ""max_depth"": 4, ""min_child_weight"": 6, ""n_estimators"": 350, ""reg_alpha"": 0.05, ""reg_lambda"": 3.0, ""subsample"": 0.8}",0.5731967562953478,0.692
xgboost_cfg4_seed42,validation,4190,2414,0.3523406982421875,0.9457834880240639,0.9492141014973404,0.8718631178707225,0.9498757249378624,0.9091990483743061,1439,337,121,2293,success_resilience_next_4q,xgboost,42,"{""colsample_bytree"": 0.8, ""learning_rate"": 0.035, ""max_depth"": 4, ""min_child_weight"": 6, ""n_estimators"": 350, ""reg_alpha"": 0.05, ""reg_lambda"": 3.0, ""subsample"": 0.8}",0.5731967562953478,0.692
xgboost_cfg4_seed42,test,4046,2647,0.3523406982421875,0.9646098878442235,0.9728083921763341,0.9321216617210683,0.949376652814507,0.9406700355605465,1216,183,134,2513,success_resilience_next_4q,xgboost,42,"{""colsample_bytree"": 0.8, ""learning_rate"": 0.035, ""max_depth"": 4, ""min_child_weight"": 6, ""n_estimators"": 350, ""reg_alpha"": 0.05, ""reg_lambda"": 3.0, ""subsample"": 0.8}",0.5731967562953478,0.692
xgboost_cfg4_seed202,train,11058,7029,0.44754940271377563,0.9871709025484995,0.9925800215252185,0.9504340520862503,0.9657134727557263,0.9580128431303366,3675,354,241,6788,success_resilience_next_4q,xgboost,202,"{""colsample_bytree"": 0.8, ""learning_rate"": 0.035, ""max_depth"": 4, ""min_child_weight"": 6, ""n_estimators"": 350, ""reg_alpha"": 0.05, ""reg_lambda"": 3.0, ""subsample"": 0.8}",0.5731967562953478,0.688
xgboost_cfg4_seed202,validation,4190,2414,0.44754940271377563,0.9465283686752203,0.9503745763499817,0.8879684418145957,0.9324772162386081,0.9096787229743383,1492,284,163,2251,success_resilience_next_4q,xgboost,202,"{""colsample_bytree"": 0.8, ""learning_rate"": 0.035, ""max_depth"": 4, ""min_child_weight"": 6, ""n_estimators"": 350, ""reg_alpha"": 0.05, ""reg_lambda"": 3.0, ""subsample"": 0.8}",0.5731967562953478,0.688
xgboost_cfg4_seed202,test,4046,2647,0.44754940271377563,0.9652593344104334,0.9742192086148127,0.9393361312476154,0.9301095579901776,0.9347000759301444,1240,159,185,2462,success_resilience_next_4q,xgboost,202,"{""colsample_bytree"": 0.8, ""learning_rate"": 0.035, ""max_depth"": 4, ""min_child_weight"": 6, ""n_estimators"": 350, ""reg_alpha"": 0.05, ""reg_lambda"": 3.0, ""subsample"": 0.8}",0.5731967562953478,0.688
xgboost_cfg4_seed777,train,11058,7029,0.3494367003440857,0.9872535301310483,0.9925871293359133,0.9353125425575378,0.9770948925878503,0.9557472863902032,3554,475,161,6868,success_resilience_next_4q,xgboost,777,"{""colsample_bytree"": 0.8, ""learning_rate"": 0.035, ""max_depth"": 4, ""min_child_weight"": 6, ""n_estimators"": 350, ""reg_alpha"": 0.05, ""reg_lambda"": 3.0, ""subsample"": 0.8}",0.5731967562953478,0.687
xgboost_cfg4_seed777,validation,4190,2414,0.3494367003440857,0.9465719862364435,0.9497232844327519,0.8716293201671098,0.9507042253521126,0.9094511591044185,1438,338,119,2295,success_resilience_next_4q,xgboost,777,"{""colsample_bytree"": 0.8, ""learning_rate"": 0.035, ""max_depth"": 4, ""min_child_weight"": 6, ""n_estimators"": 350, ""reg_alpha"": 0.05, ""reg_lambda"": 3.0, ""subsample"": 0.8}",0.5731967562953478,0.687
xgboost_cfg4_seed777,test,4046,2647,0.3494367003440857,0.9650732767455192,0.9737573979354925,0.9339058999253174,0.9448432187381942,0.9393427230046948,1222,177,146,2501,success_resilience_next_4q,xgboost,777,"{""colsample_bytree"": 0.8, ""learning_rate"": 0.035, ""max_depth"": 4, ""min_child_weight"": 6, ""n_estimators"": 350, ""reg_alpha"": 0.05, ""reg_lambda"": 3.0, ""subsample"": 0.8}",0.5731967562953478,0.687
lightgbm_cfg1_seed42,train,11058,7029,0.3792051078578076,0.9914827558530431,0.9952417276928549,0.9532463928967814,0.977521695831555,0.9652314392076984,3692,337,158,6871,success_resilience_next_4q,lightgbm,42,"{""colsample_bytree"": 0.85, ""learning_rate"": 0.04, ""min_child_samples"": 40, ""n_estimators"": 250, ""num_leaves"": 15, ""reg_alpha"": 0.0, ""reg_lambda"": 1.0, ""subsample"": 0.85}",0.5731967562953478,1.049
lightgbm_cfg1_seed42,validation,4190,2414,0.3792051078578076,0.943225796218754,0.9428240551049377,0.8744721689059501,0.9436619718309859,0.907750547917912,1449,327,136,2278,success_resilience_next_4q,lightgbm,42,"{""colsample_bytree"": 0.85, ""learning_rate"": 0.04, ""min_child_samples"": 40, ""n_estimators"": 250, ""num_leaves"": 15, ""reg_alpha"": 0.0, ""reg_lambda"": 1.0, ""subsample"": 0.85}",0.5731967562953478,1.049
lightgbm_cfg1_seed42,test,4046,2647,0.3792051078578076,0.964659305192089,0.9734448288885373,0.9350844277673546,0.9414431431809596,0.9382530120481927,1226,173,155,2492,success_resilience_next_4q,lightgbm,42,"{""colsample_bytree"": 0.85, ""learning_rate"": 0.04, ""min_child_samples"": 40, ""n_estimators"": 250, ""num_leaves"": 15, ""reg_alpha"": 0.0, ""reg_lambda"": 1.0, ""subsample"": 0.85}",0.5731967562953478,1.049
lightgbm_cfg1_seed202,train,11058,7029,0.31321992403507043,0.9915993525528619,0.995318194138209,0.940992095938948,0.9823587992602077,0.9612305978979606,3596,433,124,6905,success_resilience_next_4q,lightgbm,202,"{""colsample_bytree"": 0.85, ""learning_rate"": 0.04, ""min_child_samples"": 40, ""n_estimators"": 250, ""num_leaves"": 15, ""reg_alpha"": 0.0, ""reg_lambda"": 1.0, ""subsample"": 0.85}",0.5731967562953478,1.064
lightgbm_cfg1_seed202,validation,4190,2414,0.31321992403507043,0.9424551415541474,0.9425802607457319,0.8665158371040724,0.951946975973488,0.9072246348203712,1422,354,116,2298,success_resilience_next_4q,lightgbm,202,"{""colsample_bytree"": 0.85, ""learning_rate"": 0.04, ""min_child_samples"": 40, ""n_estimators"": 250, ""num_leaves"": 15, ""reg_alpha"": 0.0, ""reg_lambda"": 1.0, ""subsample"": 0.85}",0.5731967562953478,1.064
lightgbm_cfg1_seed202,test,4046,2647,0.31321992403507043,0.9649377165890797,0.9737517941956364,0.9304733727810651,0.9505100113335851,0.9403849747710709,1211,188,131,2516,success_resilience_next_4q,lightgbm,202,"{""colsample_bytree"": 0.85, ""learning_rate"": 0.04, ""min_child_samples"": 40, ""n_estimators"": 250, ""num_leaves"": 15, ""reg_alpha"": 0.0, ""reg_lambda"": 1.0, ""subsample"": 0.85}",0.5731967562953478,1.064
lightgbm_cfg1_seed777,train,11058,7029,0.38032131386032253,0.9915605105268774,0.9952890021096882,0.9534139897093589,0.9753876796130317,0.9642756680731364,3694,335,173,6856,success_resilience_next_4q,lightgbm,777,"{""colsample_bytree"": 0.85, ""learning_rate"": 0.04, ""min_child_samples"": 40, ""n_estimators"": 250, ""num_leaves"": 15, ""reg_alpha"": 0.0, ""reg_lambda"": 1.0, ""subsample"": 0.85}",0.5731967562953478,1.05
lightgbm_cfg1_seed777,validation,4190,2414,0.38032131386032253,0.9426338102808691,0.9414950077648626,0.8742791234140715,0.9420049710024855,0.9068793619142572,1449,327,140,2274,success_resilience_next_4q,lightgbm,777,"{""colsample_bytree"": 0.85, ""learning_rate"": 0.04, ""min_child_samples"": 40, ""n_estimators"": 250, ""num_leaves"": 15, ""reg_alpha"": 0.0, ""reg_lambda"": 1.0, ""subsample"": 0.85}",0.5731967562953478,1.05
lightgbm_cfg1_seed777,test,4046,2647,0.38032131386032253,0.9646206894503143,0.9726104887904589,0.936490041337843,0.9414431431809596,0.9389600602863603,1230,169,155,2492,success_resilience_next_4q,lightgbm,777,"{""colsample_bytree"": 0.85, ""learning_rate"": 0.04, ""min_child_samples"": 40, ""n_estimators"": 250, ""num_leaves"": 15, ""reg_alpha"": 0.0, ""reg_lambda"": 1.0, ""subsample"": 0.85}",0.5731967562953478,1.05
lightgbm_cfg2_seed42,train,11058,7029,0.3783672068667113,0.9989116464319132,0.9994092090708322,0.9871013465627215,0.9907525963863992,0.9889236012496451,3938,91,65,6964,success_resilience_next_4q,lightgbm,42,"{""colsample_bytree"": 0.85, ""learning_rate"": 0.03, ""min_child_samples"": 60, ""n_estimators"": 400, ""num_leaves"": 31, ""reg_alpha"": 0.05, ""reg_lambda"": 2.0, ""subsample"": 0.85}",0.5731967562953478,3.157
lightgbm_cfg2_seed42,validation,4190,2414,0.3783672068667113,0.9416854198855026,0.943163059170368,0.8680318543799772,0.948218724109362,0.906355177192635,1428,348,125,2289,success_resilience_next_4q,lightgbm,42,"{""colsample_bytree"": 0.85, ""learning_rate"": 0.03, ""min_child_samples"": 60, ""n_estimators"": 400, ""num_leaves"": 31, ""reg_alpha"": 0.05, ""reg_lambda"": 2.0, ""subsample"": 0.85}",0.5731967562953478,3.157
lightgbm_cfg2_seed42,test,4046,2647,0.3783672068667113,0.964560470496358,0.9719049025560316,0.9309453471196455,0.9523989421987156,0.9415499533146593,1212,187,126,2521,success_resilience_next_4q,lightgbm,42,"{""colsample_bytree"": 0.85, ""learning_rate"": 0.03, ""min_child_samples"": 60, ""n_estimators"": 400, ""num_leaves"": 31, ""reg_alpha"": 0.05, ""reg_lambda"": 2.0, ""subsample"": 0.85}",0.5731967562953478,3.157
lightgbm_cfg2_seed202,train,11058,7029,0.3843652533530463,0.9988904245613527,0.9993979138799762,0.9868215955788578,0.9907525963863992,0.9887831889819678,3936,93,65,6964,success_resilience_next_4q,lightgbm,202,"{""colsample_bytree"": 0.85, ""learning_rate"": 0.03, ""min_child_samples"": 60, ""n_estimators"": 400, ""num_leaves"": 31, ""reg_alpha"": 0.05, ""reg_lambda"": 2.0, ""subsample"": 0.85}",0.5731967562953478,3.14
lightgbm_cfg2_seed202,validation,4190,2414,0.3843652533530463,0.9420595512662624,0.9438030266001498,0.8668941979522184,0.9469759734879868,0.9051672936052267,1425,351,128,2286,success_resilience_next_4q,lightgbm,202,"{""colsample_bytree"": 0.85, ""learning_rate"": 0.03, ""min_child_samples"": 60, ""n_estimators"": 400, ""num_leaves"": 31, ""reg_alpha"": 0.05, ""reg_lambda"": 2.0, ""subsample"": 0.85}",0.5731967562953478,3.14
lightgbm_cfg2_seed202,test,4046,2647,0.3843652533530463,0.9651253944949074,0.972856962657739,0.9306273062730628,0.9527767283717415,0.9415717752473399,1211,188,125,2522,success_resilience_next_4q,lightgbm,202,"{""colsample_bytree"": 0.85, ""learning_rate"": 0.03, ""min_child_samples"": 60, ""n_estimators"": 400, ""num_leaves"": 31, ""reg_alpha"": 0.05, ""reg_lambda"": 2.0, ""subsample"": 0.85}",0.5731967562953478,3.14
lightgbm_cfg2_seed777,train,11058,7029,0.3740099951832127,0.9989240405692956,0.9994175423715042,0.9879415519931906,0.9907525963863992,0.9893450774257707,3944,85,65,6964,success_resilience_next_4q,lightgbm,777,"{""colsample_bytree"": 0.85, ""learning_rate"": 0.03, ""min_child_samples"": 60, ""n_estimators"": 400, ""num_leaves"": 31, ""reg_alpha"": 0.05, ""reg_lambda"": 2.0, ""subsample"": 0.85}",0.5731967562953478,3.153
lightgbm_cfg2_seed777,validation,4190,2414,0.3740099951832127,0.941204460467095,0.9434053850682613,0.8662878787878788,0.9473902236951118,0.9050257222002375,1423,353,127,2287,success_resilience_next_4q,lightgbm,777,"{""colsample_bytree"": 0.85, ""learning_rate"": 0.03, ""min_child_samples"": 60, ""n_estimators"": 400, ""num_leaves"": 31, ""reg_alpha"": 0.05, ""reg_lambda"": 2.0, ""subsample"": 0.85}",0.5731967562953478,3.153
lightgbm_cfg2_seed777,test,4046,2647,0.3740099951832127,0.9655110118323493,0.9743184908316671,0.9280997798972854,0.9557990177559501,0.9417457658663688,1203,196,117,2530,success_resilience_next_4q,lightgbm,777,"{""colsample_bytree"": 0.85, ""learning_rate"": 0.03, ""min_child_samples"": 60, ""n_estimators"": 400, ""num_leaves"": 31, ""reg_alpha"": 0.05, ""reg_lambda"": 2.0, ""subsample"": 0.85}",0.5731967562953478,3.153
lightgbm_cfg3_seed42,train,11058,7029,0.37431081125943627,0.9981772496533436,0.9990308587199463,0.9840011326631742,0.9887608479157775,0.9863752483678683,3916,113,79,6950,success_resilience_next_4q,lightgbm,42,"{""colsample_bytree"": 0.75, ""learning_rate"": 0.02, ""min_child_samples"": 80, ""n_estimators"": 600, ""num_leaves"": 31, ""reg_alpha"": 0.1, ""reg_lambda"": 4.0, ""subsample"": 0.75}",0.5731967562953478,4.664
lightgbm_cfg3_seed42,validation,4190,2414,0.37431081125943627,0.9438427397986221,0.947478262532039,0.8676748582230623,0.9507042253521126,0.907293931607037,1426,350,119,2295,success_resilience_next_4q,lightgbm,42,"{""colsample_bytree"": 0.75, ""learning_rate"": 0.02, ""min_child_samples"": 80, ""n_estimators"": 600, ""num_leaves"": 31, ""reg_alpha"": 0.1, ""reg_lambda"": 4.0, ""subsample"": 0.75}",0.5731967562953478,4.664
lightgbm_cfg3_seed42,test,4046,2647,0.37431081125943627,0.9649728218088748,0.9739956594752357,0.9289919058130979,0.9539100868908198,0.9412861136999069,1206,193,122,2525,success_resilience_next_4q,lightgbm,42,"{""colsample_bytree"": 0.75, ""learning_rate"": 0.02, ""min_child_samples"": 80, ""n_estimators"": 600, ""num_leaves"": 31, ""reg_alpha"": 0.1, ""reg_lambda"": 4.0, ""subsample"": 0.75}",0.5731967562953478,4.664
lightgbm_cfg3_seed202,train,11058,7029,0.3367071391997765,0.9981694459372141,0.9990284180455522,0.9777965148960089,0.98989898989899,0.9838105337575115,3871,158,71,6958,success_resilience_next_4q,lightgbm,202,"{""colsample_bytree"": 0.75, ""learning_rate"": 0.02, ""min_child_samples"": 80, ""n_estimators"": 600, ""num_leaves"": 31, ""reg_alpha"": 0.1, ""reg_lambda"": 4.0, ""subsample"": 0.75}",0.5731967562953478,4.669
lightgbm_cfg3_seed202,validation,4190,2414,0.3367071391997765,0.9438408738066981,0.94650327264376,0.8651389932381668,0.9540182270091135,0.9074074074074074,1417,359,111,2303,success_resilience_next_4q,lightgbm,202,"{""colsample_bytree"": 0.75, ""learning_rate"": 0.02, ""min_child_samples"": 80, ""n_estimators"": 600, ""num_leaves"": 31, ""reg_alpha"": 0.1, ""reg_lambda"": 4.0, ""subsample"": 0.75}",0.5731967562953478,4.669
lightgbm_cfg3_seed202,test,4046,2647,0.3367071391997765,0.965613627090212,0.9744381347909945,0.9276051188299818,0.9584435209671326,0.9427722036417688,1201,198,110,2537,success_resilience_next_4q,lightgbm,202,"{""colsample_bytree"": 0.75, ""learning_rate"": 0.02, ""min_child_samples"": 80, ""n_estimators"": 600, ""num_leaves"": 31, ""reg_alpha"": 0.1, ""reg_lambda"": 4.0, ""subsample"": 0.75}",0.5731967562953478,4.669
lightgbm_cfg3_seed777,train,11058,7029,0.38837002597314446,0.9982073345680156,0.9990460564515313,0.9852293708280074,0.9869113671930574,0.9860696517412937,3925,104,92,6937,success_resilience_next_4q,lightgbm,777,"{""colsample_bytree"": 0.75, ""learning_rate"": 0.02, ""min_child_samples"": 80, ""n_estimators"": 600, ""num_leaves"": 31, ""reg_alpha"": 0.1, ""reg_lambda"": 4.0, ""subsample"": 0.75}",0.5731967562953478,4.628
lightgbm_cfg3_seed777,validation,4190,2414,0.38837002597314446,0.9432801432335401,0.9469082648526911,0.8699619771863117,0.947804473902237,0.9072164948453608,1434,342,126,2288,success_resilience_next_4q,lightgbm,777,"{""colsample_bytree"": 0.75, ""learning_rate"": 0.02, ""min_child_samples"": 80, ""n_estimators"": 600, ""num_leaves"": 31, ""reg_alpha"": 0.1, ""reg_lambda"": 4.0, ""subsample"": 0.75}",0.5731967562953478,4.628
lightgbm_cfg3_seed777,test,4046,2647,0.38837002597314446,0.9655301846831605,0.9737564346501377,0.929520295202952,0.9516433698526634,0.9404517453798767,1208,191,128,2519,success_resilience_next_4q,lightgbm,777,"{""colsample_bytree"": 0.75, ""learning_rate"": 0.02, ""min_child_samples"": 80, ""n_estimators"": 600, ""num_leaves"": 31, ""reg_alpha"": 0.1, ""reg_lambda"": 4.0, ""subsample"": 0.75}",0.5731967562953478,4.628
lightgbm_cfg4_seed42,train,11058,7029,0.43919406076114526,0.9999448090121692,0.9999700555957982,0.9998572244431754,0.9963010385545596,0.9980759637996152,4028,1,26,7003,success_resilience_next_4q,lightgbm,42,"{""colsample_bytree"": 0.8, ""learning_rate"": 0.035, ""min_child_samples"": 60, ""n_estimators"": 350, ""num_leaves"": 63, ""reg_alpha"": 0.05, ""reg_lambda"": 3.0, ""subsample"": 0.8}",0.5731967562953478,5.159
lightgbm_cfg4_seed42,validation,4190,2414,0.43919406076114526,0.9420567522783763,0.9433201599724589,0.8722179585571758,0.9415907207953604,0.9055776892430278,1443,333,141,2273,success_resilience_next_4q,lightgbm,42,"{""colsample_bytree"": 0.8, ""learning_rate"": 0.035, ""min_child_samples"": 60, ""n_estimators"": 350, ""num_leaves"": 63, ""reg_alpha"": 0.05, ""reg_lambda"": 3.0, ""subsample"": 0.8}",0.5731967562953478,5.159
lightgbm_cfg4_seed42,test,4046,2647,0.43919406076114526,0.9653711310334734,0.97462826661938,0.9323922734026746,0.9482432942954288,0.9402509833302115,1217,182,137,2510,success_resilience_next_4q,lightgbm,42,"{""colsample_bytree"": 0.8, ""learning_rate"": 0.035, ""min_child_samples"": 60, ""n_estimators"": 350, ""num_leaves"": 63, ""reg_alpha"": 0.05, ""reg_lambda"": 3.0, ""subsample"": 0.8}",0.5731967562953478,5.159
lightgbm_cfg4_seed202,train,11058,7029,0.40582873771387973,0.9999409248095708,0.9999678215530121,0.9997146118721462,0.9967278417982643,0.9982189926622498,4027,2,23,7006,success_resilience_next_4q,lightgbm,202,"{""colsample_bytree"": 0.8, ""learning_rate"": 0.035, ""min_child_samples"": 60, ""n_estimators"": 350, ""num_leaves"": 63, ""reg_alpha"": 0.05, ""reg_lambda"": 3.0, ""subsample"": 0.8}",0.5731967562953478,5.173
lightgbm_cfg4_seed202,validation,4190,2414,0.40582873771387973,0.9430914448002269,0.9451290441735645,0.8670694864048338,0.9511184755592378,0.9071513235875149,1424,352,118,2296,success_resilience_next_4q,lightgbm,202,"{""colsample_bytree"": 0.8, ""learning_rate"": 0.035, ""min_child_samples"": 60, ""n_estimators"": 350, ""num_leaves"": 63, ""reg_alpha"": 0.05, ""reg_lambda"": 3.0, ""subsample"": 0.8}",0.5731967562953478,5.173
lightgbm_cfg4_seed202,test,4046,2647,0.40582873771387973,0.9658091361604556,0.9754345996384188,0.9292035398230089,0.9520211560256895,0.9404739690240717,1207,192,127,2520,success_resilience_next_4q,lightgbm,202,"{""colsample_bytree"": 0.8, ""learning_rate"": 0.035, ""min_child_samples"": 60, ""n_estimators"": 350, ""num_leaves"": 63, ""reg_alpha"": 0.05, ""reg_lambda"": 3.0, ""subsample"": 0.8}",0.5731967562953478,5.173
lightgbm_cfg4_seed777,train,11058,7029,0.437485070992742,0.9999526480392316,0.99997399163376,0.9997144081108097,0.9960165030587566,0.9978620296465223,4027,2,28,7001,success_resilience_next_4q,lightgbm,777,"{""colsample_bytree"": 0.8, ""learning_rate"": 0.035, ""min_child_samples"": 60, ""n_estimators"": 350, ""num_leaves"": 63, ""reg_alpha"": 0.05, ""reg_lambda"": 3.0, ""subsample"": 0.8}",0.5731967562953478,5.17
lightgbm_cfg4_seed777,validation,4190,2414,0.437485070992742,0.9418995424587803,0.9429484746641796,0.8726577437858508,0.9453189726594863,0.9075362895207795,1443,333,132,2282,success_resilience_next_4q,lightgbm,777,"{""colsample_bytree"": 0.8, ""learning_rate"": 0.035, ""min_child_samples"": 60, ""n_estimators"": 350, ""num_leaves"": 63, ""reg_alpha"": 0.05, ""reg_lambda"": 3.0, ""subsample"": 0.8}",0.5731967562953478,5.17
lightgbm_cfg4_seed777,test,4046,2647,0.437485070992742,0.9648008062318787,0.9740026315334318,0.9317760474601409,0.949376652814507,0.940494011976048,1215,184,134,2513,success_resilience_next_4q,lightgbm,777,"{""colsample_bytree"": 0.8, ""learning_rate"": 0.035, ""min_child_samples"": 60, ""n_estimators"": 350, ""num_leaves"": 63, ""reg_alpha"": 0.05, ""reg_lambda"": 3.0, ""subsample"": 0.8}",0.5731967562953478,5.17
